"","sample_name","sample_name_short","BPDExtraSmall1","BPDExtraSmall2","BPDSmall1","BPDSmall2","BPDMedium1","BPDMedium2","BPDLarge1","BPDLarge2","SmallStandard1","SmallStandard2","MediumStandard1","MediumStandard2","LargeStandard1","LargeStandard2","standards_added","volume_filtered","MEAN","ratio","xFactor","NORM_FACTOR"
"1","S02C1_0.2umA.NS1_combined.extendedFrags.fastq.gz.sam","S02C1_02umA",190,37,12924,27300,67313,39649,63167,26638,2,1,6,11,8,7,5230198630,10,39498.5,7.55200763761433e-06,132415.120321025,13241.5120321025
"2","S02C1_0.2umA.NS2_combined.extendedFrags.fastq.gz.sam","S02C1_02umA",636,119,35706,74461,184261,111221,174005,73145,5,2,6,31,29,19,5230198630,10,108799.833333333,2.08022373584946e-05,48071.7522238852,4807.17522238852
"3","S02C1_0.2umA.NS3_combined.extendedFrags.fastq.gz.sam","S02C1_02umA",419,92,30731,71021,166792,104544,162728,67065,6,4,8,24,27,26,5230198630,10,100480.166666667,1.92115393266941e-05,52052.0497079855,5205.20497079855
"4","S02C1_0.2umA.NS4_combined.extendedFrags.fastq.gz.sam","S02C1_02umA",383,70,30089,67468,160463,99447,154594,64147,7,0,11,27,25,19,5230198630,10,96034.6666666667,1.83615716075905e-05,54461.5690514536,5446.15690514536
"5","S02C1_0.2umA.NS5_combined.extendedFrags.fastq.gz.sam","S02C1_02umA",613,108,35588,73450,180070,108244,171338,71718,6,2,9,33,30,31,5230198630,10,106734.666666667,2.04073830111241e-05,49001.873461918,4900.1873461918
"6","S02C1_0.2umA.NS6_combined.extendedFrags.fastq.gz.sam","S02C1_02umA",603,87,36159,73782,181627,109842,171886,72585,9,4,9,40,42,28,5230198630,10,107646.833333333,2.05817868399643e-05,48586.6464255799,4858.66464255799
"7","S02C1_0.2umA.NS7_combined.extendedFrags.fastq.gz.sam","S02C1_02umA",618,113,35672,75743,183393,111114,173775,72750,10,2,9,28,31,38,5230198630,10,108741.166666667,2.07910204486185e-05,48097.687291075,4809.7687291075
"8","S02C1_0.2umA.NS8_combined.extendedFrags.fastq.gz.sam","S02C1_02umA",551,115,35048,73555,179124,108450,169873,71283,5,3,12,35,28,24,5230198630,10,106222.166666667,2.03093943808147e-05,49238.2973735865,4923.82973735865
"9","S02C1_0.2umB.NS1_combined.extendedFrags.fastq.gz.sam","S02C1_02umB",82,11,17016,24269,61068,40661,61264,30007,2,0,3,13,17,12,5230198630,10,39047.5,7.46577764294202e-06,133944.519623535,13394.4519623535
"10","S02C1_0.2umB.NS2_combined.extendedFrags.fastq.gz.sam","S02C1_02umB",278,47,47031,67736,169744,112782,171698,82771,2,0,15,26,37,24,5230198630,10,108627,2.07691920870699e-05,48148.237823009,4814.8237823009
"11","S02C1_0.2umB.NS3_combined.extendedFrags.fastq.gz.sam","S02C1_02umB",168,24,39063,62946,150623,106104,156259,73811,1,1,10,43,33,22,5230198630,10,98134.3333333333,1.87630222627574e-05,53296.3179383362,5329.63179383362
"12","S02C1_0.2umB.NS4_combined.extendedFrags.fastq.gz.sam","S02C1_02umB",153,24,38893,60597,145466,100414,150508,71404,5,0,6,17,34,21,5230198630,10,94547,1.80771337168126e-05,55318.504341756,5531.8504341756
"13","S02C1_0.2umB.NS5_combined.extendedFrags.fastq.gz.sam","S02C1_02umB",278,41,45626,66057,164444,110198,166196,80063,6,0,8,30,35,24,5230198630,10,105430.666666667,2.01580616961514e-05,49607.9442097808,4960.79442097808
"14","S02C1_0.2umB.NS6_combined.extendedFrags.fastq.gz.sam","S02C1_02umB",277,39,46164,66322,165421,110762,167145,80453,2,0,7,34,33,24,5230198630,10,106044.5,2.02754249889741e-05,49320.7910829887,4932.07910829887
"15","S02C1_0.2umB.NS7_combined.extendedFrags.fastq.gz.sam","S02C1_02umB",273,35,46539,67301,165569,112306,169000,81110,5,0,9,40,35,19,5230198630,10,106970.833333333,2.04525374466196e-05,48893.6887469326,4889.36887469326
"16","S02C1_0.2umB.NS8_combined.extendedFrags.fastq.gz.sam","S02C1_02umB",276,28,45514,65368,162750,109941,165460,79655,4,0,10,32,23,23,5230198630,10,104781.333333333,2.00339108982049e-05,49915.3662548037,4991.53662548036
"17","S02C1_0.2umC.NS1_combined.extendedFrags.fastq.gz.sam","S02C1_02umC",263,49,21380,35581,85219,53904,87636,37456,2,0,9,13,13,9,5230198630,10,53529.3333333333,1.02346654726062e-05,97707.1505342865,9770.71505342865
"18","S02C1_0.2umC.NS2_combined.extendedFrags.fastq.gz.sam","S02C1_02umC",832,187,60700,99400,242133,152774,248381,105769,8,1,15,54,51,43,5230198630,10,151526.166666667,2.89713981028416e-05,34516.8015865247,3451.68015865247
"19","S02C1_0.2umC.NS3_combined.extendedFrags.fastq.gz.sam","S02C1_02umC",541,133,50931,92324,216457,142906,228506,94809,4,0,16,42,47,41,5230198630,10,137655.5,2.63193637064602e-05,37994.8395087737,3799.48395087737
"20","S02C1_0.2umC.NS4_combined.extendedFrags.fastq.gz.sam","S02C1_02umC",528,137,49969,88427,208131,135925,218006,90450,8,0,17,37,42,29,5230198630,10,131818,2.52032493075698e-05,39677.4236447223,3967.74236447223
"21","S02C1_0.2umC.NS5_combined.extendedFrags.fastq.gz.sam","S02C1_02umC",751,142,59162,96550,234173,147869,242582,101928,6,1,19,42,41,45,5230198630,10,147044,2.81144198150654e-05,35568.9360327521,3556.89360327521
"22","S02C1_0.2umC.NS6_combined.extendedFrags.fastq.gz.sam","S02C1_02umC",798,155,59813,97320,236303,150540,243775,102308,8,0,22,54,40,46,5230198630,10,148343.166666667,2.83628170096222e-05,35257.428754723,3525.7428754723
"23","S02C1_0.2umC.NS7_combined.extendedFrags.fastq.gz.sam","S02C1_02umC",763,176,59900,98549,237389,152000,246763,103112,8,0,22,46,53,49,5230198630,10,149618.833333333,2.86067210669843e-05,34956.8200304552,3495.68200304552
"24","S02C1_0.2umC.NS8_combined.extendedFrags.fastq.gz.sam","S02C1_02umC",755,184,58692,96607,232663,148437,240755,102007,12,0,13,43,38,46,5230198630,10,146526.833333333,2.80155389305613e-05,35694.4766430722,3569.44766430722
"25","S02C1_3umA.NS1_combined.extendedFrags.fastq.gz.sam","S02C1_3umA",64,17,9475,12873,31973,20112,32949,15041,5,2,3,11,20,17,5230198630,10,20403.8333333333,3.90115840272272e-06,256334.118425459,25633.4118425459
"26","S02C1_3umA.NS2_combined.extendedFrags.fastq.gz.sam","S02C1_3umA",227,33,25957,36562,90369,57465,93143,42204,11,2,15,21,55,42,5230198630,10,57616.6666666667,1.10161526822676e-05,90775.7934046861,9077.57934046862
"27","S02C1_3umA.NS3_combined.extendedFrags.fastq.gz.sam","S02C1_3umA",134,22,21963,34282,82006,53908,86953,38679,6,3,21,26,44,57,5230198630,10,52965.1666666667,1.01267983137127e-05,98747.8933638775,9874.78933638775
"28","S02C1_3umA.NS4_combined.extendedFrags.fastq.gz.sam","S02C1_3umA",134,48,21654,32749,78042,50848,82673,36980,11,1,13,24,49,39,5230198630,10,50491,9.65374425942213e-06,103586.750708047,10358.6750708047
"29","S02C1_3umA.NS5_combined.extendedFrags.fastq.gz.sam","S02C1_3umA",233,35,25359,35509,87606,55610,90232,41397,6,0,10,20,55,45,5230198630,10,55952.1666666667,1.06979047307553e-05,93476.2484026535,9347.62484026535
"30","S02C1_3umA.NS6_combined.extendedFrags.fastq.gz.sam","S02C1_3umA",186,23,25742,35787,88189,56220,91953,41558,5,2,18,27,43,50,5230198630,10,56574.8333333333,1.08169569333036e-05,92447.4421194347,9244.74421194347
"31","S02C1_3umA.NS7_combined.extendedFrags.fastq.gz.sam","S02C1_3umA",187,37,26003,36263,89495,57050,91917,41833,5,4,11,20,52,45,5230198630,10,57093.5,1.09161246137988e-05,91607.6020913064,9160.76020913064
"32","S02C1_3umA.NS8_combined.extendedFrags.fastq.gz.sam","S02C1_3umA",181,46,25260,35210,87506,55424,91054,40881,10,2,22,32,63,42,5230198630,10,55889.1666666667,1.0685859299127e-05,93581.617725558,9358.1617725558
"33","S02C1_3umB.NS1_combined.extendedFrags.fastq.gz.sam","S02C1_3umB",211,77,9293,19501,45467,26775,43926,18578,2,0,14,18,21,33,5230198630,10,27256.6666666667,5.21140182140017e-06,191886.949859362,19188.6949859362
"34","S02C1_3umB.NS2_combined.extendedFrags.fastq.gz.sam","S02C1_3umB",860,283,25330,53426,125636,74742,120508,50751,11,0,38,42,78,90,5230198630,10,75065.5,1.43523229824256e-05,69675.1321179503,6967.51321179503
"35","S02C1_3umB.NS3_combined.extendedFrags.fastq.gz.sam","S02C1_3umB",649,237,21894,50854,115755,72540,114989,46961,12,5,28,31,75,82,5230198630,10,70498.8333333333,1.34791885204814e-05,74188.4423146482,7418.84423146482
"36","S02C1_3umB.NS4_combined.extendedFrags.fastq.gz.sam","S02C1_3umB",558,198,21770,48661,109865,68166,109093,45437,8,2,25,51,68,67,5230198630,10,67165.3333333333,1.28418322294833e-05,77870.5080497876,7787.05080497876
"37","S02C1_3umB.NS5_combined.extendedFrags.fastq.gz.sam","S02C1_3umB",784,221,25230,52307,122675,73276,118905,50263,11,3,26,42,63,85,5230198630,10,73776,1.41057740287007e-05,70892.9547549338,7089.29547549338
"38","S02C1_3umB.NS6_combined.extendedFrags.fastq.gz.sam","S02C1_3umB",798,213,25361,53056,123499,73914,119700,50397,8,0,22,42,75,81,5230198630,10,74321.1666666667,1.4210008438373e-05,70372.9349871167,7037.29349871167
"39","S02C1_3umB.NS7_combined.extendedFrags.fastq.gz.sam","S02C1_3umB",781,236,25567,53949,124501,74902,120861,50899,13,2,33,47,79,74,5230198630,10,75113.1666666667,1.43614367216999e-05,69630.9164172282,6963.09164172282
"40","S02C1_3umB.NS8_combined.extendedFrags.fastq.gz.sam","S02C1_3umB",749,229,25136,51781,121820,73264,117887,50310,15,3,22,44,64,63,5230198630,10,73366.3333333333,1.40274468568956e-05,71288.8104443909,7128.88104443909
"41","S02C1_3umC.NS1_combined.extendedFrags.fastq.gz.sam","S02C1_3umC",182,45,12291,20946,48102,30504,47220,21899,4,0,8,14,29,28,5230198630,10,30160.3333333333,5.76657512782327e-06,173413.157347952,17341.3157347952
"42","S02C1_3umC.NS2_combined.extendedFrags.fastq.gz.sam","S02C1_3umC",572,165,34298,57692,133744,85886,130463,60927,5,2,20,31,86,81,5230198630,10,83835,1.60290279453498e-05,62386.8149340967,6238.68149340967
"43","S02C1_3umC.NS3_combined.extendedFrags.fastq.gz.sam","S02C1_3umC",398,104,28174,51774,116383,79676,117111,53209,4,1,15,34,87,66,5230198630,10,74387.8333333333,1.42227549268685e-05,70309.8664880234,7030.98664880234
"44","S02C1_3umC.NS4_combined.extendedFrags.fastq.gz.sam","S02C1_3umC",397,104,27730,49920,112455,75263,111963,51516,7,2,23,25,66,59,5230198630,10,71474.5,1.36657333796135e-05,73175.7288263646,7317.57288263646
"45","S02C1_3umC.NS5_combined.extendedFrags.fastq.gz.sam","S02C1_3umC",522,123,33593,55287,127546,83367,126277,58934,6,2,26,35,77,62,5230198630,10,80834,1.54552447657232e-05,64702.9545735705,6470.29545735705
"46","S02C1_3umC.NS6_combined.extendedFrags.fastq.gz.sam","S02C1_3umC",499,114,33930,55505,129089,83610,126350,59268,8,2,23,40,80,72,5230198630,10,81292,1.55428131416875e-05,64338.4174334498,6433.84174334498
"47","S02C1_3umC.NS7_combined.extendedFrags.fastq.gz.sam","S02C1_3umC",524,131,33884,56191,129022,85053,127799,59678,8,1,29,43,66,82,5230198630,10,81937.8333333333,1.5666294748988e-05,63831.3025525449,6383.13025525449
"48","S02C1_3umC.NS8_combined.extendedFrags.fastq.gz.sam","S02C1_3umC",560,120,33242,55168,127436,83635,125387,58214,5,0,27,30,67,69,5230198630,10,80513.6666666667,1.53939978885021e-05,64960.3830819612,6496.03830819612
"49","S04C1_0.2umA.NS1_combined.extendedFrags.fastq.gz.sam","S04C1_02umA",203,29,18307,27241,68054,42349,66172,29852,1,0,5,20,10,9,5230198630,10,41995.8333333333,8.02949109665713e-06,124540.89405695,12454.089405695
"50","S04C1_0.2umA.NS2_combined.extendedFrags.fastq.gz.sam","S04C1_02umA",768,106,51469,75285,189566,120878,186074,82056,11,3,19,51,57,42,5230198630,10,117554.666666667,2.24761380939497e-05,44491.6291143978,4449.16291143978
"51","S04C1_0.2umA.NS3_combined.extendedFrags.fastq.gz.sam","S04C1_02umA",406,55,44419,72537,174317,115791,176087,76350,4,1,18,56,50,33,5230198630,10,109916.833333333,2.10158047732373e-05,47583.2360830385,4758.32360830385
"52","S04C1_0.2umA.NS4_combined.extendedFrags.fastq.gz.sam","S04C1_02umA",403,52,43096,67943,165881,107956,165488,72646,3,6,21,38,41,35,5230198630,10,103835,1.98529744940108e-05,50370.2858381085,5037.02858381085
"53","S04C1_0.2umA.NS5_combined.extendedFrags.fastq.gz.sam","S04C1_02umA",665,125,50809,74070,185526,118289,181894,80405,9,3,19,38,47,27,5230198630,10,115165.5,2.20193358124909e-05,45414.6305100052,4541.46305100052
"54","S04C1_0.2umA.NS6_combined.extendedFrags.fastq.gz.sam","S04C1_02umA",709,91,51448,74243,186866,119225,182982,81471,10,4,14,49,53,41,5230198630,10,116039.166666667,2.21863785442249e-05,45072.700711685,4507.2700711685
"55","S04C1_0.2umA.NS7_combined.extendedFrags.fastq.gz.sam","S04C1_02umA",734,92,50735,76044,188126,120840,185841,82038,6,4,14,52,50,37,5230198630,10,117270.666666667,2.24218380529587e-05,44599.3766272896,4459.93766272896
"56","S04C1_0.2umA.NS8_combined.extendedFrags.fastq.gz.sam","S04C1_02umA",686,103,50588,74049,183511,117826,181468,80187,7,8,15,46,45,38,5230198630,10,114604.833333333,2.19121378442435e-05,45636.806737354,4563.6806737354
"57","S04C1_0.2umB.NS1_combined.extendedFrags.fastq.gz.sam","S04C1_02umB",274,91,13901,27302,65761,39868,67200,27549,1,0,3,13,20,13,5230198630,10,40263.5,7.69827359310061e-06,129899.254411564,12989.9254411564
"58","S04C1_0.2umB.NS2_combined.extendedFrags.fastq.gz.sam","S04C1_02umB",817,236,39137,75087,183193,113761,185639,75914,7,2,25,36,55,33,5230198630,10,112121.833333333,2.14373948802272e-05,46647.4590586728,4664.74590586728
"59","S04C1_0.2umB.NS3_combined.extendedFrags.fastq.gz.sam","S04C1_02umB",558,179,32340,68356,159850,105224,167877,67879,6,1,12,29,38,28,5230198630,10,100254.333333333,1.91683605969155e-05,52169.3023742947,5216.93023742947
"60","S04C1_0.2umB.NS4_combined.extendedFrags.fastq.gz.sam","S04C1_02umB",555,176,31575,65566,155061,99281,160691,64833,4,2,21,33,39,19,5230198630,10,96167.8333333333,1.83870327183603e-05,54386.1543794096,5438.61543794096
"61","S04C1_0.2umB.NS5_combined.extendedFrags.fastq.gz.sam","S04C1_02umB",769,196,38169,72684,177074,110357,180701,73720,9,1,17,37,42,26,5230198630,10,108784.166666667,2.07992419336982e-05,48078.6753280578,4807.86753280579
"62","S04C1_0.2umB.NS6_combined.extendedFrags.fastq.gz.sam","S04C1_02umB",826,186,38374,73206,176848,111258,181222,74022,8,1,32,34,45,28,5230198630,10,109155,2.08701442759546e-05,47915.3371810728,4791.53371810728
"63","S04C1_0.2umB.NS7_combined.extendedFrags.fastq.gz.sam","S04C1_02umB",741,159,38428,74350,178121,112266,182188,74531,7,3,15,33,45,28,5230198630,10,109980.666666667,2.10280095359718e-05,47555.6185329543,4755.56185329543
"64","S04C1_0.2umB.NS8_combined.extendedFrags.fastq.gz.sam","S04C1_02umB",681,217,38210,72412,174856,109769,179254,73190,4,1,16,33,50,26,5230198630,10,107948.5,2.06394647004066e-05,48450.8689791892,4845.08689791892
"65","S04C1_0.2umC.NS1_combined.extendedFrags.fastq.gz.sam","S04C1_02umC",150,42,11089,18990,44816,27652,42697,18781,3,0,1,9,13,11,5230198630,10,27337.5,5.22685693870101e-06,191319.565797897,19131.9565797897
"66","S04C1_0.2umC.NS2_combined.extendedFrags.fastq.gz.sam","S04C1_02umC",465,104,30237,50424,120354,76112,114738,50703,8,2,11,34,39,24,5230198630,10,73761.3333333333,1.41029698012317e-05,70907.0510746371,7090.70510746371
"67","S04C1_0.2umC.NS3_combined.extendedFrags.fastq.gz.sam","S04C1_02umC",295,65,25465,47680,110100,72165,107379,46706,1,2,11,27,28,29,5230198630,10,68249.1666666667,1.30490582661995e-05,76633.8826603499,7663.38826603499
"68","S04C1_0.2umC.NS4_combined.extendedFrags.fastq.gz.sam","S04C1_02umC",255,58,25239,46061,106130,68689,102919,45247,8,1,18,25,29,29,5230198630,10,65714.1666666667,1.25643730411567e-05,79590.12333718,7959.012333718
"69","S04C1_0.2umC.NS5_combined.extendedFrags.fastq.gz.sam","S04C1_02umC",423,76,30146,50007,119295,75239,113518,50459,4,0,9,30,38,35,5230198630,10,73110.6666666667,1.39785640735152e-05,71538.1061131071,7153.81061131071
"70","S04C1_0.2umC.NS6_combined.extendedFrags.fastq.gz.sam","S04C1_02umC",473,89,30474,50102,119737,76047,114954,50717,7,0,18,35,36,29,5230198630,10,73671.8333333333,1.40858576404264e-05,70993.1922874188,7099.31922874188
"71","S04C1_0.2umC.NS7_combined.extendedFrags.fastq.gz.sam","S04C1_02umC",431,86,31031,50725,120546,76745,115887,51255,8,0,12,38,30,23,5230198630,10,74364.8333333333,1.42183573883375e-05,70331.6123436481,7033.16123436481
"72","S04C1_0.2umC.NS8_combined.extendedFrags.fastq.gz.sam","S04C1_02umC",440,80,30052,49810,118238,75117,112742,49502,7,1,12,25,37,31,5230198630,10,72576.8333333333,1.38764965668872e-05,72064.2991680082,7206.42991680082
"73","S04C1_3umA.NS1_combined.extendedFrags.fastq.gz.sam","S04C1_3umA",84,24,5531,7593,21332,13425,20130,10135,4,0,7,9,18,16,5230198630,10,13024.3333333333,2.49021772493052e-06,401571.312415223,40157.1312415223
"74","S04C1_3umA.NS2_combined.extendedFrags.fastq.gz.sam","S04C1_3umA",256,87,15672,20801,59369,38416,56146,28118,8,1,16,21,42,24,5230198630,10,36420.3333333333,6.96347039755416e-06,143606.555770128,14360.6555770128
"75","S04C1_3umA.NS3_combined.extendedFrags.fastq.gz.sam","S04C1_3umA",193,87,13111,19356,52474,36198,51374,25565,4,2,9,14,45,34,5230198630,10,33013,6.31199737054728e-06,158428.456365674,15842.8456365674
"76","S04C1_3umA.NS4_combined.extendedFrags.fastq.gz.sam","S04C1_3umA",187,73,12905,18535,50761,33846,48970,24294,6,0,11,14,47,26,5230198630,10,31551.8333333333,6.03262620894636e-06,165765.284531802,16576.5284531802
"77","S04C1_3umA.NS5_combined.extendedFrags.fastq.gz.sam","S04C1_3umA",222,71,15316,20186,57290,37488,54796,27576,8,1,14,26,39,30,5230198630,10,35442,6.77641567888216e-06,147570.640200892,14757.0640200892
"78","S04C1_3umA.NS6_combined.extendedFrags.fastq.gz.sam","S04C1_3umA",242,72,15536,20550,57836,37736,55446,27763,10,0,16,25,45,33,5230198630,10,35811.1666666667,6.8469993589262e-06,146049.378359636,14604.9378359636
"79","S04C1_3umA.NS7_combined.extendedFrags.fastq.gz.sam","S04C1_3umA",229,68,15507,20541,57900,38349,55481,27866,9,2,20,14,43,28,5230198630,10,35940.6666666667,6.87175941282877e-06,145523.138969784,14552.3138969784
"80","S04C1_3umA.NS8_combined.extendedFrags.fastq.gz.sam","S04C1_3umA",221,72,15200,19954,56731,37024,54290,27598,11,1,14,19,45,26,5230198630,10,35132.8333333333,6.71730383848411e-06,148869.252313837,14886.9252313837
"81","S04C1_3umB.NS1_combined.extendedFrags.fastq.gz.sam","S04C1_3umB",90,19,9525,14082,36741,23386,37851,18038,2,0,11,8,23,27,5230198630,10,23270.5,4.44925740803079e-06,224756.607292495,22475.6607292495
"82","S04C1_3umB.NS2_combined.extendedFrags.fastq.gz.sam","S04C1_3umB",306,64,25599,38992,100107,65287,104627,49922,2,0,31,36,78,56,5230198630,10,64089,1.22536455178567e-05,81608.3669584484,8160.83669584484
"83","S04C1_3umB.NS3_combined.extendedFrags.fastq.gz.sam","S04C1_3umB",179,34,22220,36849,90475,61893,96756,45516,5,0,19,26,55,80,5230198630,10,58951.5,1.12713692481695e-05,88720.3655547357,8872.03655547357
"84","S04C1_3umB.NS4_combined.extendedFrags.fastq.gz.sam","S04C1_3umB",179,33,21711,35158,86645,58527,92517,43727,9,0,18,26,73,44,5230198630,10,56380.8333333333,1.07798646517816e-05,92765.543195826,9276.5543195826
"85","S04C1_3umB.NS5_combined.extendedFrags.fastq.gz.sam","S04C1_3umB",301,61,25354,38272,97824,64284,101624,49356,7,0,21,29,68,68,5230198630,10,62785.6666666667,1.2004451667769e-05,83302.430437945,8330.2430437945
"86","S04C1_3umB.NS6_combined.extendedFrags.fastq.gz.sam","S04C1_3umB",325,62,25824,38383,97920,64443,102357,49829,3,0,31,25,74,63,5230198630,10,63126,1.20695224915387e-05,82853.3192345468,8285.33192345468
"87","S04C1_3umB.NS7_combined.extendedFrags.fastq.gz.sam","S04C1_3umB",324,54,25615,39353,98433,65559,103560,49878,4,1,22,39,74,79,5230198630,10,63733,1.21855792692906e-05,82064.2152417115,8206.42152417115
"88","S04C1_3umB.NS8_combined.extendedFrags.fastq.gz.sam","S04C1_3umB",310,55,25334,37890,96968,63497,101476,48569,4,1,32,26,59,83,5230198630,10,62289,1.19094903284773e-05,83966.6494886738,8396.66494886738
"89","S04C1_3umC.NS1_combined.extendedFrags.fastq.gz.sam","S04C1_3umC",135,22,13218,18983,44423,28948,44025,20545,2,1,10,18,32,48,5230198630,10,28357,5.421782614019e-06,184441.183129386,18444.1183129386
"90","S04C1_3umC.NS2_combined.extendedFrags.fastq.gz.sam","S04C1_3umC",397,78,37677,54713,128182,82791,124537,58020,13,3,36,42,86,107,5230198630,10,80986.6666666667,1.5484434224378e-05,64580.9840714521,6458.09840714521
"91","S04C1_3umC.NS3_combined.extendedFrags.fastq.gz.sam","S04C1_3umC",271,39,30450,48714,109330,75605,110110,50785,18,2,27,34,90,107,5230198630,10,70832.3333333333,1.35429528291803e-05,73839.1407408105,7383.91407408105
"92","S04C1_3umC.NS4_combined.extendedFrags.fastq.gz.sam","S04C1_3umC",245,41,29685,46442,105341,71651,105363,48835,7,1,32,43,89,102,5230198630,10,67886.1666666667,1.29796536363413e-05,77043.6583299985,7704.36583299985
"93","S04C1_3umC.NS5_combined.extendedFrags.fastq.gz.sam","S04C1_3umC",378,57,35994,52146,120792,80375,119794,55940,5,4,42,48,117,105,5230198630,10,77506.8333333333,1.48190993911322e-05,67480.4840433424,6748.04840433424
"94","S04C1_3umC.NS6_combined.extendedFrags.fastq.gz.sam","S04C1_3umC",366,68,36316,53071,122114,80825,121400,56610,9,1,43,52,103,105,5230198630,10,78389.3333333333,1.49878310325918e-05,66720.7948785549,6672.07948785549
"95","S04C1_3umC.NS7_combined.extendedFrags.fastq.gz.sam","S04C1_3umC",373,77,36628,53901,123000,81429,121643,56265,8,3,33,50,101,95,5230198630,10,78811,1.50684525723261e-05,66363.8150765756,6636.38150765756
"96","S04C1_3umC.NS8_combined.extendedFrags.fastq.gz.sam","S04C1_3umC",362,75,36034,52556,120890,80278,119067,55662,4,1,32,60,111,100,5230198630,10,77414.5,1.48014455045659e-05,67560.9689399273,6756.09689399273
"97","S06C1_0.2umA.NS1_combined.extendedFrags.fastq.gz.sam","S06C1_02umA",110,30,10381,13756,33058,22345,33433,14937,1,0,2,2,4,1,5230198630,10,21318.3333333333,4.07600835866024e-06,245338.064107576,24533.8064107576
"98","S06C1_0.2umA.NS2_combined.extendedFrags.fastq.gz.sam","S06C1_02umA",355,89,28787,38233,91569,63171,93339,41628,6,3,1,9,10,2,5230198630,10,59454.5,1.13675415038683e-05,87969.7689830038,8796.97689830038
"99","S06C1_0.2umA.NS3_combined.extendedFrags.fastq.gz.sam","S06C1_02umA",233,65,24405,35931,82009,59542,86359,37606,2,0,2,11,10,6,5230198630,10,54308.6666666667,1.0383671923119e-05,96305.0457876582,9630.50457876582
"100","S06C1_0.2umA.NS4_combined.extendedFrags.fastq.gz.sam","S06C1_02umA",224,77,23860,34101,79588,56170,82492,36462,5,1,2,14,9,3,5230198630,10,52112.1666666667,9.96370699341235e-06,100364.252046067,10036.4252046067
"101","S06C1_0.2umA.NS5_combined.extendedFrags.fastq.gz.sam","S06C1_02umA",307,77,28083,37480,89382,61767,91557,40586,4,1,8,11,8,4,5230198630,10,58142.5,1.11166906102761e-05,89954.8287397343,8995.48287397343
"102","S06C1_0.2umA.NS6_combined.extendedFrags.fastq.gz.sam","S06C1_02umA",306,76,28403,37665,89788,62730,92229,41000,3,2,4,13,8,3,5230198630,10,58635.8333333333,1.12110146251431e-05,89197.9926381763,8919.79926381763
"103","S06C1_0.2umA.NS7_combined.extendedFrags.fastq.gz.sam","S06C1_02umA",324,73,28517,38293,90419,62929,93536,41368,1,0,9,9,6,6,5230198630,10,59177,1.13144842455056e-05,88382.2875441472,8838.22875441472
"104","S06C1_0.2umA.NS8_combined.extendedFrags.fastq.gz.sam","S06C1_02umA",291,79,28036,37699,89287,61684,91068,40380,2,2,8,15,8,7,5230198630,10,58025.6666666667,1.10943523891877e-05,90135.9506999776,9013.59506999776
"105","S06C1_0.2umB.NS1_combined.extendedFrags.fastq.gz.sam","S06C1_02umB",51,16,6790,8558,20257,14045,20149,9540,2,0,0,0,4,0,5230198630,10,13223.1666666667,2.52823412686846e-06,395532.988568044,39553.2988568044
"106","S06C1_0.2umB.NS2_combined.extendedFrags.fastq.gz.sam","S06C1_02umB",203,38,18752,23099,55593,38470,55324,25428,3,0,2,2,7,6,5230198630,10,36111,6.90432669093487e-06,144836.715405278,14483.6715405278
"107","S06C1_0.2umB.NS3_combined.extendedFrags.fastq.gz.sam","S06C1_02umB",128,35,15141,20474,46353,34038,48041,21728,4,0,1,8,12,2,5230198630,10,30962.5,5.91994725064581e-06,168920.424061365,16892.0424061365
"108","S06C1_0.2umB.NS4_combined.extendedFrags.fastq.gz.sam","S06C1_02umB",138,30,15209,20098,45694,32925,46641,21475,2,0,3,3,2,3,5230198630,10,30340.3333333333,5.80099064676122e-06,172384.349655574,17238.4349655574
"109","S06C1_0.2umB.NS5_combined.extendedFrags.fastq.gz.sam","S06C1_02umB",178,38,18485,22574,53228,37221,54126,24717,2,0,1,4,7,7,5230198630,10,35058.5,6.70309150381159e-06,149184.894676041,14918.4894676041
"110","S06C1_0.2umB.NS6_combined.extendedFrags.fastq.gz.sam","S06C1_02umB",181,43,18271,22719,53478,37293,53342,24972,3,0,0,4,9,6,5230198630,10,35012.5,6.69429642674967e-06,149380.896251339,14938.0896251339
"111","S06C1_0.2umB.NS7_combined.extendedFrags.fastq.gz.sam","S06C1_02umB",192,32,18481,22574,53005,37787,53776,24996,0,0,1,5,3,4,5230198630,10,35103.1666666667,6.7116316511036e-06,148995.065877248,14899.5065877248
"112","S06C1_0.2umB.NS8_combined.extendedFrags.fastq.gz.sam","S06C1_02umB",215,30,17745,22221,52753,37181,53136,24403,2,0,2,3,9,4,5230198630,10,34573.1666666667,6.61029706756408e-06,151279.131600133,15127.9131600133
"113","S06C1_0.2umC.NS1_combined.extendedFrags.fastq.gz.sam","S06C1_02umC",41,10,5598,6268,14383,10491,14083,7067,0,0,0,7,1,5,5230198630,10,9648.33333333333,1.84473554751655e-06,542083.119364312,54208.3119364312
"114","S06C1_0.2umC.NS2_combined.extendedFrags.fastq.gz.sam","S06C1_02umC",133,28,15169,17075,39856,29612,39550,19781,0,0,1,5,11,10,5230198630,10,26840.5,5.13183186696678e-06,194862.190719249,19486.2190719249
"115","S06C1_0.2umC.NS3_combined.extendedFrags.fastq.gz.sam","S06C1_02umC",66,13,13202,16320,36812,28139,37609,18160,1,0,2,10,10,13,5230198630,10,25040.3333333333,4.78764481136605e-06,208870.966707046,20887.0966707046
"116","S06C1_0.2umC.NS4_combined.extendedFrags.fastq.gz.sam","S06C1_02umC",65,6,12911,15253,35389,26709,35457,17087,2,1,1,7,11,8,5230198630,10,23801,4.55068759023403e-06,219747.011890257,21974.7011890257
"117","S06C1_0.2umC.NS5_combined.extendedFrags.fastq.gz.sam","S06C1_02umC",117,22,15106,16589,39202,28889,38741,19387,3,0,2,6,7,10,5230198630,10,26319,5.03212246071045e-06,198723.303696949,19872.3303696949
"118","S06C1_0.2umC.NS6_combined.extendedFrags.fastq.gz.sam","S06C1_02umC",149,26,15009,16850,39337,28948,38940,19294,4,0,1,10,16,14,5230198630,10,26396.3333333333,5.04690838736527e-06,198141.104067484,19814.1104067484
"119","S06C1_0.2umC.NS7_combined.extendedFrags.fastq.gz.sam","S06C1_02umC",165,21,14996,17198,39799,29551,39338,19768,4,0,2,11,17,7,5230198630,10,26775,5.11930844201992e-06,195338.884407096,19533.8884407096
"120","S06C1_0.2umC.NS8_combined.extendedFrags.fastq.gz.sam","S06C1_02umC",138,22,15003,16784,39001,29001,38341,19470,3,0,1,3,7,14,5230198630,10,26266.6666666667,5.02211646724145e-06,199119.237182741,19911.9237182741
"121","S06C1_3umA.NS1_combined.extendedFrags.fastq.gz.sam","S06C1_3umA",45,17,5159,7172,16717,11059,16620,8111,0,0,2,8,10,3,5230198630,10,10806.3333333333,2.06614205268402e-06,483993.827385175,48399.3827385175
"122","S06C1_3umA.NS2_combined.extendedFrags.fastq.gz.sam","S06C1_3umA",183,31,14166,20113,47479,31540,46466,22790,2,1,13,12,13,9,5230198630,10,30425.6666666667,5.8173061520355e-06,171900.871961173,17190.0871961173
"123","S06C1_3umA.NS3_combined.extendedFrags.fastq.gz.sam","S06C1_3umA",97,17,12045,18688,42781,30114,43607,20993,7,1,4,13,27,19,5230198630,10,28038,5.36079066656786e-06,186539.647264427,18653.9647264427
"124","S06C1_3umA.NS4_combined.extendedFrags.fastq.gz.sam","S06C1_3umA",109,29,11819,17740,40838,28204,41063,19919,1,2,8,9,24,13,5230198630,10,26597.1666666667,5.08530718395807e-06,196644.954537764,19664.4954537764
"125","S06C1_3umA.NS5_combined.extendedFrags.fastq.gz.sam","S06C1_3umA",183,25,13771,19455,46167,30836,45780,22054,4,4,1,11,18,11,5230198630,10,29677.1666666667,5.67419495245187e-06,176236.45440097,17623.645440097
"126","S06C1_3umA.NS6_combined.extendedFrags.fastq.gz.sam","S06C1_3umA",152,24,13880,19841,46816,31134,46016,22464,5,2,7,13,24,18,5230198630,10,30025.1666666667,5.74073162239857e-06,174193.82506897,17419.382506897
"127","S06C1_3umA.NS7_combined.extendedFrags.fastq.gz.sam","S06C1_3umA",148,30,13964,20062,47238,31622,46574,22651,3,1,5,13,16,18,5230198630,10,30351.8333333333,5.8031894160267e-06,172319.034984158,17231.9034984158
"128","S06C1_3umA.NS8_combined.extendedFrags.fastq.gz.sam","S06C1_3umA",164,27,13955,19251,45824,31214,45602,22008,3,2,3,17,13,17,5230198630,10,29642.3333333333,5.66753491221295e-06,176443.553588899,17644.3553588899
"129","S06C1_3umC.NS1_combined.extendedFrags.fastq.gz.sam","S06C1_3umC",39,10,4861,6019,13387,9624,12945,7062,0,1,4,2,6,4,5230198630,10,8983,1.71752559233109e-06,582232.954469554,58223.2954469554
"130","S06C1_3umC.NS2_combined.extendedFrags.fastq.gz.sam","S06C1_3umC",101,15,13622,16421,37802,28127,36518,20090,3,0,6,9,22,18,5230198630,10,25430,4.86214803662246e-06,205670.414077861,20567.0414077861
"131","S06C1_3umC.NS3_combined.extendedFrags.fastq.gz.sam","S06C1_3umC",70,17,11148,15094,33107,25894,32974,17536,2,0,3,11,20,22,5230198630,10,22625.5,4.32593513183647e-06,231163.891626704,23116.3891626704
"132","S06C1_3umC.NS4_combined.extendedFrags.fastq.gz.sam","S06C1_3umC",67,17,11126,14538,32123,24833,31470,17226,4,1,9,10,11,13,5230198630,10,21886,4.18454470819973e-06,238974.624417436,23897.4624417436
"133","S06C1_3umC.NS5_combined.extendedFrags.fastq.gz.sam","S06C1_3umC",115,25,13216,15990,36939,27022,35193,19499,5,1,7,8,19,8,5230198630,10,24643.1666666667,4.71170760615389e-06,212237.278623554,21223.7278623554
"134","S06C1_3umC.NS6_combined.extendedFrags.fastq.gz.sam","S06C1_3umC",109,23,13311,15914,36985,27296,36253,19848,4,0,11,14,17,16,5230198630,10,24934.5,4.76740976087939e-06,209757.509875875,20975.7509875875
"135","S06C1_3umC.NS7_combined.extendedFrags.fastq.gz.sam","S06C1_3umC",99,21,13419,16698,36985,28135,36407,19635,3,0,10,13,14,21,5230198630,10,25213.1666666667,4.82069008279073e-06,207439.180454657,20743.9180454657
"136","S06C1_3umC.NS8_combined.extendedFrags.fastq.gz.sam","S06C1_3umC",102,22,13352,15738,36188,27458,36014,19351,5,1,8,13,15,20,5230198630,10,24683.5,4.71941923169369e-06,211890.478659833,21189.0478659833
"137","S08C1_0.2umA.NS1_combined.extendedFrags.fastq.gz.sam","S08C1_02umA",65,17,4455,6709,16768,10533,16658,7379,0,0,0,1,2,6,5230198630,10,10417,1.99170255987008e-06,502083.001823942,50208.3001823942
"138","S08C1_0.2umA.NS2_combined.extendedFrags.fastq.gz.sam","S08C1_02umA",178,69,12534,18423,47033,29266,47204,20330,0,0,4,4,13,13,5230198630,10,29131.6666666667,5.56989681033714e-06,179536.539733394,17953.6539733394
"139","S08C1_0.2umA.NS3_combined.extendedFrags.fastq.gz.sam","S08C1_02umA",127,48,10048,16712,40178,26763,41884,17712,2,0,3,2,17,6,5230198630,10,25549.5,4.88499611725071e-06,204708.453394391,20470.8453394391
"140","S08C1_0.2umA.NS4_combined.extendedFrags.fastq.gz.sam","S08C1_02umA",131,45,10155,15844,39137,25171,40443,17218,2,1,3,4,8,5,5230198630,10,24661.3333333333,4.71518102426893e-06,212080.934931877,21208.0934931877
"141","S08C1_0.2umA.NS5_combined.extendedFrags.fastq.gz.sam","S08C1_02umA",156,54,12193,17575,45085,28210,45574,19917,0,1,3,10,4,7,5230198630,10,28092.3333333333,5.37117905469172e-06,186178.861255147,18617.8861255147
"142","S08C1_0.2umA.NS6_combined.extendedFrags.fastq.gz.sam","S08C1_02umA",151,37,12142,17710,45056,28524,45484,19741,2,0,4,11,10,1,5230198630,10,28109.5,5.37446127547932e-06,186065.160532916,18606.5160532916
"143","S08C1_0.2umA.NS7_combined.extendedFrags.fastq.gz.sam","S08C1_02umA",186,48,12064,18205,45213,29057,45648,19924,1,0,6,6,8,8,5230198630,10,28351.8333333333,5.4207947611606e-06,184474.794575307,18447.4794575307
"144","S08C1_0.2umA.NS8_combined.extendedFrags.fastq.gz.sam","S08C1_02umA",148,47,12121,17709,44403,28467,45273,19484,2,0,2,7,11,3,5230198630,10,27909.5,5.33622180999271e-06,187398.506959996,18739.8506959996
"145","S08C1_0.2umB.NS1_combined.extendedFrags.fastq.gz.sam","S08C1_02umB",24,5,4756,5880,15281,10486,17084,7524,0,0,0,2,2,2,5230198630,10,10168.5,1.94419002400297e-06,514353.014702267,51435.3014702267
"146","S08C1_0.2umB.NS2_combined.extendedFrags.fastq.gz.sam","S08C1_02umB",108,23,13130,16378,43584,29856,48399,20733,3,0,1,6,9,4,5230198630,10,28680,5.48353935077988e-06,182363.968967922,18236.3968967922
"147","S08C1_0.2umB.NS3_combined.extendedFrags.fastq.gz.sam","S08C1_02umB",53,21,11110,15336,39800,28277,44757,19209,0,0,2,3,14,3,5230198630,10,26414.8333333333,5.05044553792278e-06,198002.333158768,19800.2333158768
"148","S08C1_0.2umB.NS4_combined.extendedFrags.fastq.gz.sam","S08C1_02umB",59,12,11075,14548,37584,26683,42260,18190,3,0,2,4,4,2,5230198630,10,25056.6666666667,4.79076770104746e-06,208734.812957297,20873.4812957297
"149","S08C1_0.2umB.NS5_combined.extendedFrags.fastq.gz.sam","S08C1_02umB",81,20,12817,16125,42003,28879,46727,20407,4,0,7,5,10,4,5230198630,10,27826.3333333333,5.32032056559453e-06,187958.599048863,18795.8599048863
"150","S08C1_0.2umB.NS6_combined.extendedFrags.fastq.gz.sam","S08C1_02umB",96,14,12966,16059,42222,29292,47476,20325,3,0,4,6,10,6,5230198630,10,28056.6666666667,5.36435968334661e-06,186415.538671736,18641.5538671736
"151","S08C1_0.2umB.NS7_combined.extendedFrags.fastq.gz.sam","S08C1_02umB",79,21,12841,16261,42709,29818,47703,20605,3,1,2,5,6,4,5230198630,10,28322.8333333333,5.41525003866504e-06,184663.679951982,18466.3679951982
"152","S08C1_0.2umB.NS8_combined.extendedFrags.fastq.gz.sam","S08C1_02umB",86,17,12735,16036,41931,29199,46584,20438,1,0,2,8,6,3,5230198630,10,27820.5,5.31920524785117e-06,187998.009741018,18799.8009741018
"153","S08C1_0.2umC.NS1_combined.extendedFrags.fastq.gz.sam","S08C1_02umC",35,4,6110,6784,15712,12202,15146,8750,0,0,0,3,3,0,5230198630,10,10784,2.06187197903801e-06,484996.163761128,48499.6163761128
"154","S08C1_0.2umC.NS2_combined.extendedFrags.fastq.gz.sam","S08C1_02umC",110,20,16726,18786,43691,34857,42516,24310,5,0,2,7,12,1,5230198630,10,30147.6666666667,5.76415329500912e-06,173486.017602247,17348.6017602247
"155","S08C1_0.2umC.NS3_combined.extendedFrags.fastq.gz.sam","S08C1_02umC",64,8,13786,17004,38126,32160,38089,21160,1,1,4,14,4,3,5230198630,10,26720.8333333333,5.10895192011729e-06,195734.862186184,19573.4862186184
"156","S08C1_0.2umC.NS4_combined.extendedFrags.fastq.gz.sam","S08C1_02umC",70,15,13704,16785,36733,30708,36799,20660,3,0,1,6,6,1,5230198630,10,25898.1666666667,4.95166025208237e-06,201952.466262091,20195.2466262091
"157","S08C1_0.2umC.NS5_combined.extendedFrags.fastq.gz.sam","S08C1_02umC",97,14,16306,18143,42088,33829,41367,23771,7,1,1,15,9,5,5230198630,10,29250.6666666667,5.59264929230167e-06,178806.134219163,17880.6134219163
"158","S08C1_0.2umC.NS6_combined.extendedFrags.fastq.gz.sam","S08C1_02umC",92,15,16319,18435,42257,33900,41189,23618,3,0,2,9,15,4,5230198630,10,29286.3333333333,5.59946866364678e-06,178588.373302678,17858.8373302678
"159","S08C1_0.2umC.NS7_combined.extendedFrags.fastq.gz.sam","S08C1_02umC",101,10,16399,18553,42931,34635,41728,23984,1,1,1,6,11,5,5230198630,10,29705,5.67951661139875e-06,176071.322336307,17607.1322336307
"160","S08C1_0.2umC.NS8_combined.extendedFrags.fastq.gz.sam","S08C1_02umC",96,27,16321,18170,41713,33944,40883,23718,2,1,1,5,9,4,5230198630,10,29124.8333333333,5.56859029526634e-06,179578.662996641,17957.8662996641
"161","S08C1_3umA.NS1_combined.extendedFrags.fastq.gz.sam","S08C1_3umA",34,7,3969,4854,11656,8182,11863,5746,0,0,1,2,1,5,5230198630,10,7711.66666666667,1.4744500567212e-06,678218.970823428,67821.8970823428
"162","S08C1_3umA.NS2_combined.extendedFrags.fastq.gz.sam","S08C1_3umA",132,23,11134,13773,32792,23627,33743,16193,3,0,4,7,7,7,5230198630,10,21877,4.18282393225284e-06,239072.936417242,23907.2936417242
"163","S08C1_3umA.NS3_combined.extendedFrags.fastq.gz.sam","S08C1_3umA",78,17,9472,12726,29016,22000,30373,14569,7,0,3,3,6,9,5230198630,10,19692.6666666667,3.76518523669658e-06,265591.182673753,26559.1182673753
"164","S08C1_3umA.NS4_combined.extendedFrags.fastq.gz.sam","S08C1_3umA",76,25,9070,12132,27830,20750,29594,14034,2,0,0,9,14,6,5230198630,10,18901.6666666667,3.61394815069704e-06,276705.685389295,27670.5685389295
"165","S08C1_3umA.NS5_combined.extendedFrags.fastq.gz.sam","S08C1_3umA",142,28,10801,13318,31793,22966,32603,16007,3,3,2,8,14,5,5230198630,10,21248,4.06256081329745e-06,246150.161426958,24615.0161426958
"166","S08C1_3umA.NS6_combined.extendedFrags.fastq.gz.sam","S08C1_3umA",97,27,10939,13527,31470,22827,32962,16104,2,0,7,4,5,7,5230198630,10,21304.8333333333,4.07342719473989e-06,245493.52478702,24549.352478702
"167","S08C1_3umA.NS7_combined.extendedFrags.fastq.gz.sam","S08C1_3umA",112,29,10902,13762,31931,23202,33049,16019,0,0,4,7,13,8,5230198630,10,21477.5,4.10644059994333e-06,243519.898964032,24351.9898964032
"168","S08C1_3umA.NS8_combined.extendedFrags.fastq.gz.sam","S08C1_3umA",124,22,10781,13335,31235,22897,32670,15847,4,1,2,9,9,11,5230198630,10,21127.5,4.03952153534177e-06,247554.070760857,24755.4070760857
"169","S08C1_3umB.NS1_combined.extendedFrags.fastq.gz.sam","S08C1_3umB",32,6,4303,5294,12965,8905,13675,6389,2,0,2,1,2,1,5230198630,10,8588.5,1.64209824665875e-06,608976.96105257,60897.696105257
"170","S08C1_3umB.NS2_combined.extendedFrags.fastq.gz.sam","S08C1_3umB",120,20,11731,14644,35824,25210,38127,17896,3,1,0,6,9,5,5230198630,10,23905.3333333333,4.57063584472954e-06,218787.939790284,21878.7939790284
"171","S08C1_3umB.NS3_combined.extendedFrags.fastq.gz.sam","S08C1_3umB",64,12,9924,13588,31996,23826,35293,16274,4,1,6,3,8,4,5230198630,10,21816.8333333333,4.17132022638561e-06,239732.253993476,23973.2253993476
"172","S08C1_3umB.NS4_combined.extendedFrags.fastq.gz.sam","S08C1_3umB",65,14,9837,12876,30909,22425,33564,15719,1,0,2,4,3,6,5230198630,10,20888.3333333333,3.99379350786403e-06,250388.508577356,25038.8508577356
"173","S08C1_3umB.NS5_combined.extendedFrags.fastq.gz.sam","S08C1_3umB",135,21,11424,14264,34755,24850,37326,17656,2,1,1,2,5,3,5230198630,10,23379.1666666667,4.47003418427852e-06,223711.935697737,22371.1935697737
"174","S08C1_3umB.NS6_combined.extendedFrags.fastq.gz.sam","S08C1_3umB",118,14,11592,14394,35103,24920,37522,17860,0,0,4,3,5,6,5230198630,10,23565.1666666667,4.50559688718106e-06,221946.176064955,22194.6176064955
"175","S08C1_3umB.NS7_combined.extendedFrags.fastq.gz.sam","S08C1_3umB",108,25,11635,14640,35265,25125,37724,17805,2,0,3,2,6,6,5230198630,10,23699,4.53118546283585e-06,220692.798430314,22069.2798430314
"176","S08C1_3umB.NS8_combined.extendedFrags.fastq.gz.sam","S08C1_3umB",101,21,11798,14113,34356,24768,36811,17531,3,0,2,8,8,5,5230198630,10,23229.5,4.44141831760604e-06,225153.302051271,22515.3302051271
"177","S08C1_3umC.NS1_combined.extendedFrags.fastq.gz.sam","S08C1_3umC",26,10,3988,4909,11697,8040,12086,5992,0,0,2,5,1,4,5230198630,10,7785.33333333333,1.48853492650877e-06,671801.502397671,67180.1502397671
"178","S08C1_3umC.NS2_combined.extendedFrags.fastq.gz.sam","S08C1_3umC",102,25,11083,13286,32516,22552,33853,16745,0,1,1,7,8,8,5230198630,10,21672.5,4.14372407879278e-06,241328.809781982,24132.8809781982
"179","S08C1_3umC.NS3_combined.extendedFrags.fastq.gz.sam","S08C1_3umC",83,20,9423,12405,29199,21444,31351,14933,3,1,2,2,12,6,5230198630,10,19792.5,3.78427310321864e-06,264251.541240369,26425.1541240369
"180","S08C1_3umC.NS4_combined.extendedFrags.fastq.gz.sam","S08C1_3umC",68,21,9314,11837,28074,20490,30250,14553,5,1,4,8,2,6,5230198630,10,19086.3333333333,3.64925592382967e-06,274028.465219442,27402.8465219441
"181","S08C1_3umC.NS5_combined.extendedFrags.fastq.gz.sam","S08C1_3umC",115,16,10815,13024,31642,22307,33073,16144,7,0,2,9,6,11,5230198630,10,21167.5,4.04716942843909e-06,247086.270461793,24708.6270461793
"182","S08C1_3umC.NS6_combined.extendedFrags.fastq.gz.sam","S08C1_3umC",139,26,11234,13148,31774,22400,33091,16411,2,1,5,6,8,5,5230198630,10,21343,4.08072455940359e-06,245054.52045167,24505.452045167
"183","S08C1_3umC.NS7_combined.extendedFrags.fastq.gz.sam","S08C1_3umC",103,28,11084,13256,32007,22631,33879,16503,4,1,7,6,16,5,5230198630,10,21560,4.12221437945656e-06,242588.062615955,24258.8062615955
"184","S08C1_3umC.NS8_combined.extendedFrags.fastq.gz.sam","S08C1_3umC",110,19,10844,12916,31385,21991,32696,16127,4,1,3,8,7,9,5230198630,10,20993.1666666667,4.01383736102326e-06,249138.146380965,24913.8146380965
"185","S09C1_0.2umA.NS1_combined.extendedFrags.fastq.gz.sam","S09C1_02umA",134,31,7348,11779,28401,18129,28530,12235,1,0,4,1,0,4,5230198630,10,17737,3.39126699668001e-06,294875.042566387,29487.5042566387
"186","S09C1_0.2umA.NS2_combined.extendedFrags.fastq.gz.sam","S09C1_02umA",354,70,18936,29864,72603,46137,72793,30899,0,1,8,8,1,10,5230198630,10,45205.3333333333,8.64313891905351e-06,115698.707305923,11569.8707305923
"187","S09C1_0.2umA.NS3_combined.extendedFrags.fastq.gz.sam","S09C1_02umA",182,51,16036,27663,64050,43435,66539,27795,0,0,9,9,6,4,5230198630,10,40919.6666666667,7.82373090611793e-06,127816.256975049,12781.6256975049
"188","S09C1_0.2umA.NS4_combined.extendedFrags.fastq.gz.sam","S09C1_02umA",202,41,15980,27374,63410,42012,65425,27532,1,0,5,8,9,5,5230198630,10,40288.8333333333,7.70311725872892e-06,129817.574679502,12981.7574679502
"189","S09C1_0.2umA.NS5_combined.extendedFrags.fastq.gz.sam","S09C1_02umA",384,58,19008,30033,72186,46893,72940,31142,3,0,8,5,4,8,5230198630,10,45367,8.67404915365518e-06,115286.411488527,11528.6411488527
"190","S09C1_0.2umA.NS6_combined.extendedFrags.fastq.gz.sam","S09C1_02umA",348,55,19113,30129,72732,46082,73159,31284,2,0,4,11,2,7,5230198630,10,45416.5,8.68351342136312e-06,115160.759415631,11516.0759415631
"191","S09C1_0.2umA.NS7_combined.extendedFrags.fastq.gz.sam","S09C1_02umA",361,66,18906,30139,72723,47200,72818,31293,3,1,7,7,7,11,5230198630,10,45513.1666666667,8.70199582968165e-06,114916.166310848,11491.6166310848
"192","S09C1_0.2umA.NS8_combined.extendedFrags.fastq.gz.sam","S09C1_02umA",340,64,18873,29405,71003,46040,71391,30795,2,0,8,7,3,8,5230198630,10,44584.5,8.52443724493882e-06,117309.796678218,11730.9796678218
"193","S09C1_0.2umB.NS1_combined.extendedFrags.fastq.gz.sam","S09C1_02umB",151,26,13116,17193,43358,27251,41942,18543,0,0,3,5,4,5,5230198630,10,26900.5,5.14330370661276e-06,194427.561941228,19442.7561941228
"194","S09C1_0.2umB.NS2_combined.extendedFrags.fastq.gz.sam","S09C1_02umB",481,106,36501,47950,119420,78118,116167,50939,5,1,5,15,10,3,5230198630,10,74849.1666666667,1.43109606272576e-05,69876.5111613356,6987.65111613356
"195","S09C1_0.2umB.NS3_combined.extendedFrags.fastq.gz.sam","S09C1_02umB",285,86,29985,43516,104229,71650,105006,44577,6,1,3,9,12,9,5230198630,10,66493.8333333333,1.2713443224112e-05,78656.8974566564,7865.68974566564
"196","S09C1_0.2umB.NS4_combined.extendedFrags.fastq.gz.sam","S09C1_02umB",316,56,29805,42086,101569,67997,100413,43322,3,4,3,17,10,2,5230198630,10,64198.6666666667,1.22746134914319e-05,81468.9603626244,8146.89603626244
"197","S09C1_0.2umB.NS5_combined.extendedFrags.fastq.gz.sam","S09C1_02umB",451,76,35533,46241,116052,76029,113008,49664,4,4,4,21,11,11,5230198630,10,72754.5,1.39104659587278e-05,71888.3179734587,7188.83179734587
"198","S09C1_0.2umB.NS6_combined.extendedFrags.fastq.gz.sam","S09C1_02umB",404,108,36196,47013,116913,76705,114274,50546,6,3,5,11,13,7,5230198630,10,73607.8333333333,1.40736210114707e-05,71054.9189284655,7105.49189284655
"199","S09C1_0.2umB.NS7_combined.extendedFrags.fastq.gz.sam","S09C1_02umB",410,82,36119,47800,117115,77811,115239,50338,4,2,5,22,9,8,5230198630,10,74070.3333333333,1.41620497754085e-05,70611.2473729923,7061.12473729923
"200","S09C1_0.2umB.NS8_combined.extendedFrags.fastq.gz.sam","S09C1_02umB",473,88,35888,46655,115287,76029,113304,49067,6,3,6,11,10,10,5230198630,10,72705,1.39010016910199e-05,71937.2619489719,7193.72619489719
"201","S09C1_0.2umC.NS1_combined.extendedFrags.fastq.gz.sam","S09C1_02umC",134,34,13100,16672,39952,27185,40053,18614,1,1,4,7,2,8,5230198630,10,25929.3333333333,4.95761923545403e-06,201709.722450764,20170.9722450764
"202","S09C1_0.2umC.NS2_combined.extendedFrags.fastq.gz.sam","S09C1_02umC",431,98,35978,45228,109278,76319,110377,50913,3,2,6,30,11,14,5230198630,10,71348.8333333333,1.36417062487995e-05,73304.6132032059,7330.46132032059
"203","S09C1_0.2umC.NS3_combined.extendedFrags.fastq.gz.sam","S09C1_02umC",260,58,30058,42082,96502,70593,101023,45543,3,1,8,20,10,13,5230198630,10,64300.1666666667,1.22940200201664e-05,81340.3588378464,8134.03588378465
"204","S09C1_0.2umC.NS4_combined.extendedFrags.fastq.gz.sam","S09C1_02umC",265,52,29919,40134,93768,66632,96585,43664,5,0,11,18,7,10,5230198630,10,61783.6666666667,1.18128719456811e-05,84653.419134507,8465.3419134507
"205","S09C1_0.2umC.NS5_combined.extendedFrags.fastq.gz.sam","S09C1_02umC",347,76,35291,44052,106245,73638,106903,49800,5,2,9,25,11,14,5230198630,10,69321.5,1.32540855336502e-05,75448.434179872,7544.8434179872
"206","S09C1_0.2umC.NS6_combined.extendedFrags.fastq.gz.sam","S09C1_02umC",373,84,35306,44079,106332,74482,108009,50097,2,0,9,20,7,18,5230198630,10,69717.5,1.33297996753137e-05,75019.8820956001,7501.98820956001
"207","S09C1_0.2umC.NS7_combined.extendedFrags.fastq.gz.sam","S09C1_02umC",426,77,35599,44843,106953,74907,109123,50497,2,2,8,22,9,17,5230198630,10,70320.3333333333,1.34450597975346e-05,74376.7610601012,7437.67610601012
"208","S09C1_0.2umC.NS8_combined.extendedFrags.fastq.gz.sam","S09C1_02umC",417,70,35102,43941,104663,73315,106384,49058,5,3,5,33,14,17,5230198630,10,68743.8333333333,1.31436372108364e-05,76082.4408007506,7608.24408007506
"209","S09C1_3umA.NS1_combined.extendedFrags.fastq.gz.sam","S09C1_3umA",76,14,6468,11356,25176,16027,24038,11020,1,3,11,17,33,36,5230198630,10,15680.8333333333,2.99813342525642e-06,333540.85964819,33354.085964819
"210","S09C1_3umA.NS2_combined.extendedFrags.fastq.gz.sam","S09C1_3umA",269,72,18855,32376,72079,45252,68511,31927,6,3,33,52,109,97,5230198630,10,44833.3333333333,8.57201351324841e-06,116658.705501859,11665.8705501859
"211","S09C1_3umA.NS3_combined.extendedFrags.fastq.gz.sam","S09C1_3umA",167,40,14796,28687,61151,40992,59516,27096,6,2,18,34,83,85,5230198630,10,38706.3333333333,7.40054748806612e-06,135125.137918859,13512.5137918859
"212","S09C1_3umA.NS4_combined.extendedFrags.fastq.gz.sam","S09C1_3umA",157,52,14661,27505,59729,39076,57137,26650,5,3,14,34,106,75,5230198630,10,37459.6666666667,7.16218815319958e-06,139622.134829461,13962.2134829461
"213","S09C1_3umA.NS5_combined.extendedFrags.fastq.gz.sam","S09C1_3umA",220,50,17868,31127,68446,44061,65752,30233,9,2,29,57,105,95,5230198630,10,42914.5,8.20513770812563e-06,121874.858847243,12187.4858847243
"214","S09C1_3umA.NS6_combined.extendedFrags.fastq.gz.sam","S09C1_3umA",238,52,17955,31393,69352,44492,65972,30543,8,2,25,41,97,87,5230198630,10,43284.5,8.27588071927586e-06,120833.061026464,12083.3061026464
"215","S09C1_3umA.NS7_combined.extendedFrags.fastq.gz.sam","S09C1_3umA",231,40,17948,31608,69272,44939,65842,30925,8,1,24,51,97,99,5230198630,10,43422.3333333333,8.30223408424038e-06,120449.506705459,12044.9506705459
"216","S09C1_3umA.NS8_combined.extendedFrags.fastq.gz.sam","S09C1_3umA",203,51,17944,31066,68876,43946,65573,30260,7,1,18,51,124,88,5230198630,10,42944.1666666667,8.21080989550614e-06,121790.66532125,12179.066532125
"217","S09C1_3umB.NS1_combined.extendedFrags.fastq.gz.sam","S09C1_3umB",73,18,6835,8652,20204,14073,20104,10620,1,0,2,6,9,8,5230198630,10,13414.6666666667,2.56484841507189e-06,389886.589056754,38988.6589056754
"218","S09C1_3umB.NS2_combined.extendedFrags.fastq.gz.sam","S09C1_3umB",202,48,18232,23162,54553,38607,54533,29075,3,1,7,14,9,20,5230198630,10,36360.3333333333,6.95199855790818e-06,143843.528112137,14384.3528112137
"219","S09C1_3umB.NS3_combined.extendedFrags.fastq.gz.sam","S09C1_3umB",123,35,16020,22613,50302,37445,52292,26834,3,1,7,17,13,25,5230198630,10,34251,6.5486996619094e-06,152702.070888441,15270.2070888441
"220","S09C1_3umB.NS4_combined.extendedFrags.fastq.gz.sam","S09C1_3umB",141,19,15630,21451,48715,35477,49922,26119,2,1,0,12,14,7,5230198630,10,32885.6666666667,6.28765157752081e-06,159041.891502884,15904.1891502884
"221","S09C1_3umB.NS5_combined.extendedFrags.fastq.gz.sam","S09C1_3umB",192,39,18292,23176,53760,38313,54547,29185,3,0,11,18,15,25,5230198630,10,36212.1666666667,6.92366948722685e-06,144432.082127094,14443.2082127094
"222","S09C1_3umB.NS6_combined.extendedFrags.fastq.gz.sam","S09C1_3umB",201,51,18675,23249,54237,38683,54998,29270,5,3,7,13,21,17,5230198630,10,36518.6666666667,6.98227146808508e-06,143219.868286538,14321.9868286538
"223","S09C1_3umB.NS7_combined.extendedFrags.fastq.gz.sam","S09C1_3umB",198,45,18710,23537,55022,39133,55181,29109,5,1,11,9,15,23,5230198630,10,36782,7.03262009764245e-06,142194.514436409,14219.4514436409
"224","S09C1_3umB.NS8_combined.extendedFrags.fastq.gz.sam","S09C1_3umB",196,42,18383,23171,53616,38576,54031,28762,1,0,7,13,24,17,5230198630,10,36089.8333333333,6.90027968083754e-06,144921.662056258,14492.1662056258
"225","S09C1_3umC.NS1_combined.extendedFrags.fastq.gz.sam","S09C1_3umC",99,23,7873,12413,29612,18325,29669,12585,1,0,2,9,9,13,5230198630,10,18412.8333333333,3.52048452380351e-06,284051.809697946,28405.1809697946
"226","S09C1_3umC.NS2_combined.extendedFrags.fastq.gz.sam","S09C1_3umC",327,95,21489,35026,82986,52527,83529,35919,4,2,9,19,29,33,5230198630,10,51912.6666666667,9.92556312658945e-06,100749.951135882,10074.9951135882
"227","S09C1_3umC.NS3_combined.extendedFrags.fastq.gz.sam","S09C1_3umC",243,68,17926,32625,74454,48616,76341,32013,4,0,11,18,38,14,5230198630,10,46995.8333333333,8.98547773382238e-06,111290.688110648,11129.0688110648
"228","S09C1_3umC.NS4_combined.extendedFrags.fastq.gz.sam","S09C1_3umC",216,62,17539,30746,71117,46575,73307,31050,4,0,11,25,26,27,5230198630,10,45055.6666666667,8.61452305238103e-06,116083.037205827,11608.3037205827
"229","S09C1_3umC.NS5_combined.extendedFrags.fastq.gz.sam","S09C1_3umC",325,84,20885,33842,80564,51529,81670,34713,5,0,18,21,24,26,5230198630,10,50533.8333333333,9.66193387828051e-06,103498.948823066,10349.8948823066
"230","S09C1_3umC.NS6_combined.extendedFrags.fastq.gz.sam","S09C1_3umC",322,82,21160,34239,80942,51499,81692,34545,5,1,4,19,22,29,5230198630,10,50679.5,9.68978495564326e-06,103201.464694798,10320.1464694798
"231","S09C1_3umC.NS7_combined.extendedFrags.fastq.gz.sam","S09C1_3umC",268,72,21624,34560,80957,52085,82120,35507,5,0,8,24,32,25,5230198630,10,51142.1666666667,9.77824558580229e-06,102267.834370203,10226.7834370203
"232","S09C1_3umC.NS8_combined.extendedFrags.fastq.gz.sam","S09C1_3umC",283,88,21004,34118,79534,51173,81140,34760,9,1,11,21,35,24,5230198630,10,50288.1666666667,9.61496306817446e-06,104004.559654524,10400.4559654524
"233","S10_0.2umA.NS1_combined.extendedFrags.fastq.gz.sam","S10_02umA",74,18,5922,8064,19524,12541,19564,8797,2,0,1,2,6,4,5230198630,5.75,12402,2.37122925482469e-06,421722.192388324,73342.9899805782
"234","S10_0.2umA.NS2_combined.extendedFrags.fastq.gz.sam","S10_02umA",255,90,16049,21648,53090,35224,53811,23989,1,0,7,6,7,9,5230198630,5.75,33968.5,6.49468641690956e-06,153972.022020401,26777.7429600698
"235","S10_0.2umA.NS3_combined.extendedFrags.fastq.gz.sam","S10_02umA",195,56,13338,20450,47792,32673,49562,21596,0,0,4,8,5,4,5230198630,5.75,30901.8333333333,5.90834794611487e-06,169252.049662641,29435.1390717637
"236","S10_0.2umA.NS4_combined.extendedFrags.fastq.gz.sam","S10_02umA",167,52,13413,19382,46286,31320,47363,20716,1,0,8,8,9,10,5230198630,5.75,29746.6666666667,5.68748316670846e-06,175824.696212461,30578.2080369497
"237","S10_0.2umA.NS5_combined.extendedFrags.fastq.gz.sam","S10_02umA",219,51,15618,21349,52070,34508,52567,23484,1,0,6,8,5,2,5230198630,5.75,33266,6.36037029438784e-06,157223.550471953,27343.2261690354
"238","S10_0.2umA.NS6_combined.extendedFrags.fastq.gz.sam","S10_02umA",212,70,15884,21159,51919,34848,52472,23467,3,0,7,5,9,11,5230198630,5.75,33291.5,6.36524582623739e-06,157103.123319766,27322.2823164811
"239","S10_0.2umA.NS7_combined.extendedFrags.fastq.gz.sam","S10_02umA",228,62,15891,21559,52635,35024,53333,23704,1,0,7,10,6,10,5230198630,5.75,33691,6.44162915854689e-06,155240.23121902,26998.3010815687
"240","S10_0.2umA.NS8_combined.extendedFrags.fastq.gz.sam","S10_02umA",232,59,15587,21145,51572,34161,51527,23165,2,0,5,12,6,12,5230198630,5.75,32859.5,6.28264858078631e-06,159168.539691718,27681.485163777
"241","S10_0.2umB.NS1_combined.extendedFrags.fastq.gz.sam","S10_02umB",61,11,7321,9795,22907,15145,23553,10320,1,0,4,5,4,1,5230198630,5.75,14840.1666666667,2.8374002053277e-06,352435.302613403,61293.0961066788
"242","S10_0.2umB.NS2_combined.extendedFrags.fastq.gz.sam","S10_02umB",200,31,20401,26705,63554,42194,64988,27933,3,0,4,14,10,18,5230198630,5.75,40962.5,7.83192052497631e-06,127682.603112603,22205.6701065396
"243","S10_0.2umB.NS3_combined.extendedFrags.fastq.gz.sam","S10_02umB",107,19,16673,23617,53662,38175,57000,23734,1,0,4,12,12,12,5230198630,5.75,35476.8333333333,6.78307571912108e-06,147425.746285134,25639.2602235016
"244","S10_0.2umB.NS4_combined.extendedFrags.fastq.gz.sam","S10_02umB",116,16,16327,23163,52539,36511,55413,23605,2,0,5,11,5,6,5230198630,5.75,34593,6.6140891478915e-06,151192.398173041,26294.3301170506
"245","S10_0.2umB.NS5_combined.extendedFrags.fastq.gz.sam","S10_02umB",161,26,19974,26087,60811,40721,62778,27274,2,1,5,10,6,10,5230198630,5.75,39607.5,7.57284814630453e-06,132050.713374992,22965.3414565204
"246","S10_0.2umB.NS6_combined.extendedFrags.fastq.gz.sam","S10_02umB",178,34,19889,25913,61042,40791,63433,27278,2,0,8,7,8,10,5230198630,5.75,39724.3333333333,7.59518636739296e-06,131662.33870088,22897.7980349357
"247","S10_0.2umB.NS7_combined.extendedFrags.fastq.gz.sam","S10_02umB",204,30,19853,26413,60948,41530,63394,27276,0,1,5,13,13,7,5230198630,5.75,39902.3333333333,7.62921949167604e-06,131075.007225977,22795.6534306047
"248","S10_0.2umB.NS8_combined.extendedFrags.fastq.gz.sam","S10_02umB",188,19,19677,25390,60257,40448,62800,27362,0,0,12,6,8,11,5230198630,5.75,39322.3333333333,7.51832504176487e-06,133008.348860274,23131.8867583086
"249","S11C1_0.2umB.NS1_combined.extendedFrags.fastq.gz.sam","S11C1_02umB",102,20,6218,10697,24897,17005,23970,11838,1,0,0,2,1,1,5230198630,7,15770.8333333333,3.01534118472539e-06,331637.429643329,47376.7756633327
"250","S11C1_0.2umB.NS2_combined.extendedFrags.fastq.gz.sam","S11C1_02umB",260,70,17145,28400,68852,47079,65892,32794,0,0,0,10,10,7,5230198630,7,43360.3333333333,8.29037984993953e-06,120621.734842137,17231.6764060195
"251","S11C1_0.2umB.NS3_combined.extendedFrags.fastq.gz.sam","S11C1_02umB",194,58,14970,27219,62562,44419,61627,29828,2,0,0,11,5,3,5230198630,7,40104.1666666667,7.66780948559628e-06,130415.342462338,18630.7632089054
"252","S11C1_0.2umB.NS4_combined.extendedFrags.fastq.gz.sam","S11C1_02umB",168,54,14758,25783,60040,42620,58388,28584,5,0,2,13,8,6,5230198630,7,38362.1666666667,7.33474374120791e-06,136337.414814075,19476.7735448678
"253","S11C1_0.2umB.NS5_combined.extendedFrags.fastq.gz.sam","S11C1_02umB",249,40,16943,28082,66970,47067,64398,32083,1,0,0,12,3,4,5230198630,7,42590.5,8.14318977403732e-06,122802.001150491,17543.1430214988
"254","S11C1_0.2umB.NS6_combined.extendedFrags.fastq.gz.sam","S11C1_02umB",256,62,16954,28398,67725,46790,64633,32267,4,1,0,15,7,6,5230198630,7,42794.5,8.18219402883366e-06,122216.607975324,17459.5154250463
"255","S11C1_0.2umB.NS7_combined.extendedFrags.fastq.gz.sam","S11C1_02umB",272,64,17134,28901,68278,47665,65301,32182,2,0,2,18,12,6,5230198630,7,43243.5,8.2680416288511e-06,120947.625192225,17278.2321703179
"256","S11C1_0.2umB.NS8_combined.extendedFrags.fastq.gz.sam","S11C1_02umB",251,72,16644,28022,66273,46446,64309,31921,4,1,2,15,7,12,5230198630,7,42269.1666666667,8.08175169948883e-06,123735.551051791,17676.507293113
"257","S11C1_3umA.NS1_combined.extendedFrags.fastq.gz.sam","S11C1_3umA",103,16,10433,12953,29255,20065,29057,14481,3,0,2,3,13,5,5230198630,7.5,19374,3.70425702168791e-06,269959.669144214,35994.6225525619
"258","S11C1_3umA.NS2_combined.extendedFrags.fastq.gz.sam","S11C1_3umA",277,61,29651,35751,81643,57287,80196,40621,6,1,12,17,24,30,5230198630,7.5,54191.5,1.03612699695881e-05,96513.2655490252,12868.4354065367
"259","S11C1_3umA.NS3_combined.extendedFrags.fastq.gz.sam","S11C1_3umA",188,68,24148,33633,72819,53320,73949,36398,6,0,9,16,32,24,5230198630,7.5,49044.5,9.37717732529022e-06,106641.899295538,14218.9199060717
"260","S11C1_3umA.NS4_combined.extendedFrags.fastq.gz.sam","S11C1_3umA",184,30,24266,31983,69789,50854,70483,34764,3,0,12,20,18,20,5230198630,7.5,47023.1666666667,8.99070379410555e-06,111225.997752881,14830.1330337174
"261","S11C1_3umA.NS5_combined.extendedFrags.fastq.gz.sam","S11C1_3umA",257,77,28491,34709,78772,55869,78958,39358,10,0,9,19,29,34,5230198630,7.5,52692.8333333333,1.00747289082085e-05,99258.2539054963,13234.4338540662
"262","S11C1_3umA.NS6_combined.extendedFrags.fastq.gz.sam","S11C1_3umA",239,45,29102,35095,79867,56164,79331,39457,9,0,5,27,29,32,5230198630,7.5,53169.3333333333,1.01658344347303e-05,98368.7080898764,13115.8277453168
"263","S11C1_3umA.NS7_combined.extendedFrags.fastq.gz.sam","S11C1_3umA",276,56,29463,35656,79971,56652,79771,39646,9,2,10,19,31,26,5230198630,7.5,53526.5,1.02341237468452e-05,97712.3224944654,13028.3096659287
"264","S11C1_3umA.NS8_combined.extendedFrags.fastq.gz.sam","S11C1_3umA",255,55,28620,35009,78203,55346,78129,39301,11,1,11,13,34,21,5230198630,7.5,52434.6666666667,1.00253681315095e-05,99746.9605985862,13299.5947464782
"265","S11C1_3umB.NS1_combined.extendedFrags.fastq.gz.sam","S11C1_3umB",96,21,7901,9995,22017,15074,21024,11028,0,0,1,1,7,11,5230198630,7,14506.5,2.77360403040754e-06,360541.731637542,51505.961662506
"266","S11C1_3umB.NS2_combined.extendedFrags.fastq.gz.sam","S11C1_3umB",316,95,21727,27540,61239,42970,58762,29599,8,1,8,13,20,19,5230198630,7,40306.1666666667,7.70643134573776e-06,129761.7477061,18537.3925294428
"267","S11C1_3umB.NS3_combined.extendedFrags.fastq.gz.sam","S11C1_3umB",212,73,17855,25559,54261,39869,53345,26786,4,0,4,14,12,16,5230198630,7,36279.1666666667,6.93647970816486e-06,144165.346410934,20595.0494872762
"268","S11C1_3umB.NS4_combined.extendedFrags.fastq.gz.sam","S11C1_3umB",201,53,17754,24516,52135,37835,51653,25877,5,0,3,10,15,11,5230198630,7,34961.6666666667,6.68457722927182e-06,149598.092100872,21371.1560144103
"269","S11C1_3umB.NS5_combined.extendedFrags.fastq.gz.sam","S11C1_3umB",319,65,21311,26933,58751,41625,57337,29148,2,0,13,16,17,21,5230198630,7,39184.1666666667,7.49190794435787e-06,133477.347483039,19068.1924975771
"270","S11C1_3umB.NS6_combined.extendedFrags.fastq.gz.sam","S11C1_3umB",282,59,21541,27005,59862,42070,58030,29379,8,0,8,14,22,23,5230198630,7,39647.8333333333,7.58055977184433e-06,131916.379541547,18845.1970773639
"271","S11C1_3umB.NS7_combined.extendedFrags.fastq.gz.sam","S11C1_3umB",294,60,21386,27790,59350,42510,57624,29399,3,0,7,10,21,15,5230198630,7,39676.5,7.58604076189741e-06,131821.068642647,18831.5812346639
"272","S11C1_3umB.NS8_combined.extendedFrags.fastq.gz.sam","S11C1_3umB",337,60,21595,26862,58161,41504,56729,28932,11,0,11,19,22,19,5230198630,7,38963.8333333333,7.44978079988013e-06,134232.137409478,19176.0196299254
"273","S12C1_0.2umA.NS1_combined.extendedFrags.fastq.gz.sam","S12C1_02umA",49,18,3652,4849,12557,8015,13366,5871,1,0,3,2,3,3,5230198630,10,8051.66666666667,1.53945714804844e-06,649579.626992341,64957.9626992341
"274","S12C1_0.2umA.NS2_combined.extendedFrags.fastq.gz.sam","S12C1_02umA",164,60,10348,13755,35668,22826,38136,16741,2,1,3,15,9,4,5230198630,10,22912.3333333333,4.38077689858852e-06,228270.013093385,22827.0013093385
"275","S12C1_0.2umA.NS3_combined.extendedFrags.fastq.gz.sam","S12C1_02umA",126,47,8554,12662,30959,21481,34602,14713,2,0,2,5,5,4,5230198630,10,20495.1666666667,3.9186210919616e-06,255191.807661969,25519.1807661969
"276","S12C1_0.2umA.NS4_combined.extendedFrags.fastq.gz.sam","S12C1_02umA",100,27,8247,12021,29751,19828,32850,14125,3,1,1,13,10,5,5230198630,10,19470.3333333333,3.72267569756396e-06,268623.990173084,26862.3990173084
"277","S12C1_0.2umA.NS5_combined.extendedFrags.fastq.gz.sam","S12C1_02umA",148,37,9980,13496,34338,22220,37103,16107,0,2,4,11,9,8,5230198630,10,22207.3333333333,4.24598278274822e-06,235516.734562157,23551.6734562157
"278","S12C1_0.2umA.NS6_combined.extendedFrags.fastq.gz.sam","S12C1_02umA",164,48,10197,13314,34228,22594,37241,16042,1,1,6,5,7,7,5230198630,10,22269.3333333333,4.25783701704907e-06,234861.032960125,23486.1032960125
"279","S12C1_0.2umA.NS7_combined.extendedFrags.fastq.gz.sam","S12C1_02umA",156,43,10073,13552,34316,22368,36993,16484,2,1,3,7,4,9,5230198630,10,22297.6666666667,4.26325427465967e-06,234562.598328674,23456.2598328674
"280","S12C1_0.2umA.NS8_combined.extendedFrags.fastq.gz.sam","S12C1_02umA",158,49,9893,13195,34118,22479,36603,16103,1,1,3,11,11,4,5230198630,10,22065.1666666667,4.21880089603149e-06,237034.177398766,23703.4177398766
"281","S12C1_0.2umB.NS1_combined.extendedFrags.fastq.gz.sam","S12C1_02umB",41,6,4641,5618,13751,9145,14029,6551,1,0,2,5,0,2,5230198630,10,8955.83333333333,1.71233139826916e-06,583999.102633293,58399.9102633293
"282","S12C1_0.2umB.NS2_combined.extendedFrags.fastq.gz.sam","S12C1_02umB",134,39,12457,15025,37491,25590,38617,17631,5,1,2,12,6,8,5230198630,10,24468.5,4.67831180629559e-06,213752.319512843,21375.2319512843
"283","S12C1_0.2umB.NS3_combined.extendedFrags.fastq.gz.sam","S12C1_02umB",74,18,10122,13419,32361,23294,34215,15128,1,3,0,12,12,8,5230198630,10,21423.1666666667,4.09605221181947e-06,244137.512972716,24413.7512972716
"284","S12C1_0.2umB.NS4_combined.extendedFrags.fastq.gz.sam","S12C1_02umB",69,22,10313,13196,31622,22508,33518,14984,2,1,3,15,8,8,5230198630,10,21023.5,4.01963701328873e-06,248778.682426808,24877.8682426808
"285","S12C1_0.2umB.NS5_combined.extendedFrags.fastq.gz.sam","S12C1_02umB",120,30,12340,14634,36737,24753,37342,17117,1,1,3,9,8,15,5230198630,10,23820.5,4.55441593811897e-06,219567.12201675,21956.712201675
"286","S12C1_0.2umB.NS6_combined.extendedFrags.fastq.gz.sam","S12C1_02umB",123,31,12415,15114,36664,25134,38163,17501,0,1,2,5,13,18,5230198630,10,24165.1666666667,4.62031528364089e-06,216435.446200109,21643.5446200109
"287","S12C1_0.2umB.NS7_combined.extendedFrags.fastq.gz.sam","S12C1_02umB",131,20,12432,14921,36841,25457,37862,17345,6,1,2,9,11,8,5230198630,10,24143,4.61607707621613e-06,216634.164354057,21663.4164354057
"288","S12C1_0.2umB.NS8_combined.extendedFrags.fastq.gz.sam","S12C1_02umB",128,26,12281,14878,35898,24830,37369,17036,0,0,3,8,11,12,5230198630,10,23715.3333333333,4.53430835251726e-06,220540.801872206,22054.0801872206
"289","S12C1_3umA.NS1_combined.extendedFrags.fastq.gz.sam","S12C1_3umA",22,0,1795,3041,7644,4821,7895,3418,2,0,2,1,1,3,5230198630,10,4769,9.11820054528216e-07,1096707.61794926,109670.761794926
"290","S12C1_3umA.NS2_combined.extendedFrags.fastq.gz.sam","S12C1_3umA",56,10,5313,8667,22001,13704,22438,9427,0,1,4,3,10,6,5230198630,10,13591.6666666667,2.59869034202754e-06,384809.218638872,38480.9218638872
"291","S12C1_3umA.NS3_combined.extendedFrags.fastq.gz.sam","S12C1_3umA",16,6,4222,7819,19297,12485,19805,8390,0,0,5,8,5,4,5230198630,10,12003,2.2949415211789e-06,435740.950595684,43574.0950595684
"292","S12C1_3umA.NS4_combined.extendedFrags.fastq.gz.sam","S12C1_3umA",19,4,4255,7444,18352,11645,19390,8033,2,0,3,4,3,2,5230198630,10,11519.8333333333,2.2025613458075e-06,454016.866274107,45401.6866274107
"293","S12C1_3umA.NS5_combined.extendedFrags.fastq.gz.sam","S12C1_3umA",57,11,5121,8334,21024,12867,21797,9116,4,0,6,7,5,7,5230198630,10,13043.1666666667,2.49381860793051e-06,400991.474207439,40099.1474207439
"294","S12C1_3umA.NS6_combined.extendedFrags.fastq.gz.sam","S12C1_3umA",59,10,5176,8451,21223,13334,21563,9136,3,0,1,4,9,4,5230198630,10,13147.1666666667,2.51370312998355e-06,397819.451339325,39781.9451339325
"295","S12C1_3umA.NS7_combined.extendedFrags.fastq.gz.sam","S12C1_3umA",53,9,5254,8389,21457,13370,21726,9320,1,0,1,2,8,5,5230198630,10,13252.6666666667,2.53387444802773e-06,394652.545148146,39465.2545148146
"296","S12C1_3umA.NS8_combined.extendedFrags.fastq.gz.sam","S12C1_3umA",63,10,5056,8331,20993,12868,21629,9326,3,1,8,6,3,4,5230198630,10,13033.8333333333,2.49203409954114e-06,401278.618211578,40127.8618211578
"297","S12C1_3umB.NS1_combined.extendedFrags.fastq.gz.sam","S12C1_3umB",19,0,2986,4317,9705,7111,9402,4734,1,1,0,2,1,1,5230198630,10,6375.83333333333,1.21904229349189e-06,820316.083649196,82031.6083649196
"298","S12C1_3umB.NS2_combined.extendedFrags.fastq.gz.sam","S12C1_3umB",62,14,8438,12424,26986,20567,26528,13600,3,2,2,6,6,6,5230198630,10,18090.5,3.45885525192759e-06,289112.994665709,28911.2994665709
"299","S12C1_3umB.NS3_combined.extendedFrags.fastq.gz.sam","S12C1_3umB",53,2,6929,10967,23591,18722,23401,11994,1,0,1,3,6,4,5230198630,10,15934,3.04653821531822e-06,328241.410192042,32824.1410192042
"300","S12C1_3umB.NS4_combined.extendedFrags.fastq.gz.sam","S12C1_3umB",38,6,6710,10792,22903,18018,22673,11416,1,0,1,3,7,7,5230198630,10,15418.6666666667,2.94800785924772e-06,339212.121454514,33921.2121454514
"301","S12C1_3umB.NS5_combined.extendedFrags.fastq.gz.sam","S12C1_3umB",46,8,8251,12220,26146,19825,25140,13056,3,0,1,8,3,9,5230198630,10,17439.6666666667,3.33441765798992e-06,299902.442516103,29990.2442516103
"302","S12C1_3umB.NS6_combined.extendedFrags.fastq.gz.sam","S12C1_3umB",49,5,8303,12108,26652,19947,25689,13168,3,0,0,8,4,7,5230198630,10,17644.5,3.37358124389245e-06,296420.903397659,29642.0903397659
"303","S12C1_3umB.NS7_combined.extendedFrags.fastq.gz.sam","S12C1_3umB",47,9,8341,12233,26086,20069,26049,13247,1,1,2,7,10,5,5230198630,10,17670.8333333333,3.37861610684819e-06,295979.17264796,29597.917264796
"304","S12C1_3umB.NS8_combined.extendedFrags.fastq.gz.sam","S12C1_3umB",53,6,8020,12102,25551,19765,25466,12913,0,0,4,5,9,3,5230198630,10,17302.8333333333,3.30825549035283e-06,302274.114836684,30227.4114836684
"305","S13C1_0.2umA.NS1_combined.extendedFrags.fastq.gz.sam","S13C1_02umA",53,6,9666,13839,37385,24666,38175,18813,0,0,3,6,33,12,5230198630,10,23757.3333333333,4.54233864026945e-06,220150.91326187,22015.091326187
"306","S13C1_0.2umA.NS2_combined.extendedFrags.fastq.gz.sam","S13C1_02umA",153,29,27117,38542,103734,69415,107028,52299,1,1,10,25,68,38,5230198630,10,66355.8333333333,1.26870579929262e-05,78820.4799377096,7882.04799377096
"307","S13C1_0.2umA.NS3_combined.extendedFrags.fastq.gz.sam","S13C1_02umA",89,14,22293,35721,91973,64515,97507,46500,1,0,9,17,71,27,5230198630,10,59751.5,1.14243271101159e-05,87532.5076357916,8753.25076357916
"308","S13C1_0.2umA.NS4_combined.extendedFrags.fastq.gz.sam","S13C1_02umA",87,19,21852,34293,89027,61571,93108,44679,2,2,14,23,73,26,5230198630,10,57421.6666666667,1.09788692034181e-05,91084.0617072534,9108.40617072534
"309","S13C1_0.2umA.NS5_combined.extendedFrags.fastq.gz.sam","S13C1_02umA",148,9,26279,37279,100814,67614,103815,50640,0,1,7,18,79,39,5230198630,10,64406.8333333333,1.23144144017592e-05,81205.6478996794,8120.56478996794
"310","S13C1_0.2umA.NS6_combined.extendedFrags.fastq.gz.sam","S13C1_02umA",155,24,26762,37705,101428,68796,105085,51202,2,1,10,22,75,29,5230198630,10,65163,1.24589914475198e-05,80263.3186010466,8026.33186010466
"311","S13C1_0.2umA.NS7_combined.extendedFrags.fastq.gz.sam","S13C1_02umA",163,17,26618,38009,102172,69083,105405,51310,4,2,11,26,69,42,5230198630,10,65432.8333333333,1.25105828597055e-05,79932.3269918007,7993.23269918007
"312","S13C1_0.2umA.NS8_combined.extendedFrags.fastq.gz.sam","S13C1_02umA",138,27,26191,37624,100134,68008,103660,50737,3,0,7,8,74,34,5230198630,10,64392.3333333333,1.23116420405114e-05,81223.933956941,8122.3933956941
"313","S13C1_3umA.NS1_combined.extendedFrags.fastq.gz.sam","S13C1_3umA",38,5,6802,9967,22941,15711,21956,10723,3,0,4,6,11,9,5230198630,10,14683.3333333333,2.80741409114195e-06,356199.679682179,35619.9679682179
"314","S13C1_3umA.NS2_combined.extendedFrags.fastq.gz.sam","S13C1_3umA",129,13,19427,27945,65303,45121,62523,30048,4,0,3,11,40,26,5230198630,10,41727.8333333333,7.97825021290508e-06,125340.766874229,12534.0766874229
"315","S13C1_3umA.NS3_combined.extendedFrags.fastq.gz.sam","S13C1_3umA",108,15,15217,24423,53268,39499,53592,25434,3,1,6,10,51,20,5230198630,10,35238.8333333333,6.73757075519201e-06,148421.446888612,14842.1446888612
"316","S13C1_3umA.NS4_combined.extendedFrags.fastq.gz.sam","S13C1_3umA",107,15,14976,23735,52283,37880,52214,24763,1,0,4,9,30,14,5230198630,10,34308.5,6.5596935082368e-06,152446.146873224,15244.6146873224
"317","S13C1_3umA.NS5_combined.extendedFrags.fastq.gz.sam","S13C1_3umA",126,18,18185,26784,61966,43164,59961,28776,3,0,4,20,47,15,5230198630,10,39806,7.61080081579999e-06,131392.218007336,13139.2218007336
"318","S13C1_3umA.NS6_combined.extendedFrags.fastq.gz.sam","S13C1_3umA",134,13,18398,26765,61858,43322,60120,28917,7,0,14,27,44,20,5230198630,10,39896.6666666667,7.62813604015392e-06,131093.624279388,13109.3624279388
"319","S13C1_3umA.NS7_combined.extendedFrags.fastq.gz.sam","S13C1_3umA",126,23,18354,27266,61905,43606,60196,29318,7,1,8,13,43,15,5230198630,10,40107.5,7.66844681002106e-06,130404.50364645,13040.450364645
"320","S13C1_3umA.NS8_combined.extendedFrags.fastq.gz.sam","S13C1_3umA",122,20,18326,26989,60586,43170,59454,28579,4,1,11,18,46,17,5230198630,10,39517.3333333333,7.55560852061432e-06,132352.013378096,13235.2013378096
"321","S13C1_3umB.NS1_combined.extendedFrags.fastq.gz.sam","S13C1_3umB",35,10,4308,6622,17175,10157,16408,7792,2,0,3,4,15,9,5230198630,10,10410.3333333333,1.99042791102053e-06,502404.530434504,50240.4530434504
"322","S13C1_3umB.NS2_combined.extendedFrags.fastq.gz.sam","S13C1_3umB",136,35,11918,18186,46458,28474,46584,21298,3,0,11,7,42,25,5230198630,10,28819.6666666667,5.51024324417803e-06,181480.191651534,18148.0191651534
"323","S13C1_3umB.NS3_combined.extendedFrags.fastq.gz.sam","S13C1_3umB",94,19,9930,16778,41272,26721,43091,19136,4,2,9,10,41,19,5230198630,10,26154.6666666667,5.00070236656895e-06,199971.909283238,19997.1909283238
"324","S13C1_3umB.NS4_combined.extendedFrags.fastq.gz.sam","S13C1_3umB",77,26,9962,16305,39683,25327,40961,18743,0,1,8,12,28,14,5230198630,10,25163.5,4.81119394886156e-06,207848.615256224,20784.8615256224
"325","S13C1_3umB.NS5_combined.extendedFrags.fastq.gz.sam","S13C1_3umB",101,47,11685,17938,45077,28261,45731,20562,1,0,13,13,23,18,5230198630,10,28209,5.39348540955891e-06,185408.863483286,18540.8863483285
"326","S13C1_3umB.NS6_combined.extendedFrags.fastq.gz.sam","S13C1_3umB",132,21,11864,17912,45460,28283,45417,20935,3,0,6,10,35,20,5230198630,10,28311.8333333333,5.41314686806328e-06,184735.427353698,18473.5427353698
"327","S13C1_3umB.NS7_combined.extendedFrags.fastq.gz.sam","S13C1_3umB",147,29,11509,18240,45503,28241,46013,20910,4,2,9,11,39,21,5230198630,10,28402.6666666667,5.43051395863844e-06,184144.633015679,18414.4633015679
"328","S13C1_3umB.NS8_combined.extendedFrags.fastq.gz.sam","S13C1_3umB",124,25,11505,17703,44798,27637,45086,20538,4,0,7,10,34,18,5230198630,10,27877.8333333333,5.33016722795733e-06,187611.374509019,18761.1374509019
"329","S14C1_0.2umA.NS1_combined.extendedFrags.fastq.gz.sam","S14C1_02umA",101,22,10204,13196,30610,20523,30855,14658,1,0,12,14,48,43,5230198630,10,20007.6666666667,3.82541239483799e-06,261409.724438965,26140.9724438965
"330","S14C1_0.2umA.NS2_combined.extendedFrags.fastq.gz.sam","S14C1_02umA",328,86,27851,35455,82792,57001,83254,40460,11,4,41,64,116,121,5230198630,10,54468.8333333333,1.04142953617296e-05,96021.8589223807,9602.18589223807
"331","S14C1_0.2umA.NS3_combined.extendedFrags.fastq.gz.sam","S14C1_02umA",179,46,23433,33564,75237,53844,77801,36777,6,2,35,49,122,88,5230198630,10,50109.3333333333,9.58077061278519e-06,104375.737653664,10437.5737653664
"332","S14C1_0.2umA.NS4_combined.extendedFrags.fastq.gz.sam","S14C1_02umA",170,46,23160,31921,73178,51071,74110,35474,8,4,33,46,98,116,5230198630,10,48152.3333333333,9.20659744299871e-06,108617.760925396,10861.7760925396
"333","S14C1_0.2umA.NS5_combined.extendedFrags.fastq.gz.sam","S14C1_02umA",264,72,27799,35125,81940,55744,81641,39628,9,5,32,51,111,123,5230198630,10,53646.1666666667,1.02570036936946e-05,97494.3589632064,9749.43589632064
"334","S14C1_0.2umA.NS6_combined.extendedFrags.fastq.gz.sam","S14C1_02umA",313,47,27792,35053,82685,56322,82487,40047,10,4,36,39,113,117,5230198630,10,54064.3333333333,1.03369560427829e-05,96740.2778788234,9674.02778788234
"335","S14C1_0.2umA.NS7_combined.extendedFrags.fastq.gz.sam","S14C1_02umA",310,53,28340,35717,83021,57184,83500,40797,9,5,52,54,118,124,5230198630,10,54759.8333333333,1.04699337840126e-05,95511.5878122346,9551.15878122346
"336","S14C1_0.2umA.NS8_combined.extendedFrags.fastq.gz.sam","S14C1_02umA",303,48,27715,34858,81012,55785,81290,39304,9,1,42,40,124,107,5230198630,10,53327.3333333333,1.01960436124647e-05,98077.2580040255,9807.72580040255
"337","S14C1_0.2umB.NS1_combined.extendedFrags.fastq.gz.sam","S14C1_02umB",195,44,17914,30708,74045,44749,71164,28950,3,0,3,17,37,14,5230198630,9,44588.3333333333,8.52517016802732e-06,117299.711359474,13033.3012621637
"338","S14C1_0.2umB.NS2_combined.extendedFrags.fastq.gz.sam","S14C1_02umB",609,138,49406,83832,203641,125588,197280,79855,14,2,12,50,61,38,5230198630,9,123267,2.35683209606898e-05,42429.8362903291,4714.42625448101
"339","S14C1_0.2umB.NS3_combined.extendedFrags.fastq.gz.sam","S14C1_02umB",444,92,40755,76278,175987,114136,175760,69389,4,2,18,40,80,46,5230198630,9,108717.5,2.07864954452026e-05,48108.1576563111,5345.35085070123
"340","S14C1_0.2umB.NS4_combined.extendedFrags.fastq.gz.sam","S14C1_02umB",396,83,40222,73681,171450,109260,169576,67022,9,1,17,45,50,40,5230198630,9,105201.833333333,2.01143093743905e-05,49715.8506109684,5523.98340121872
"341","S14C1_0.2umB.NS5_combined.extendedFrags.fastq.gz.sam","S14C1_02umB",609,123,48495,82129,196767,122090,192696,77614,14,0,22,62,75,32,5230198630,9,119965.166666667,2.29370192517271e-05,43597.6440105531,4844.18266783923
"342","S14C1_0.2umB.NS6_combined.extendedFrags.fastq.gz.sam","S14C1_02umB",579,102,48842,82696,198026,123428,193945,78519,12,1,19,44,73,38,5230198630,9,120909.333333333,2.31175413950451e-05,43257.1951710373,4806.35501900414
"343","S14C1_0.2umB.NS7_combined.extendedFrags.fastq.gz.sam","S14C1_02umB",645,117,49001,83835,199752,124270,194548,78129,6,2,21,52,87,54,5230198630,9,121589.166666667,2.32475237114784e-05,43015.3341237912,4779.48156931013
"344","S14C1_0.2umB.NS8_combined.extendedFrags.fastq.gz.sam","S14C1_02umB",646,127,48020,81595,194926,122665,191658,77435,11,2,15,55,61,33,5230198630,9,119383.166666667,2.28257424071611e-05,43810.1851042651,4867.79834491835
"345","S14C1_0.2umC.NS1_combined.extendedFrags.fastq.gz.sam","S14C1_02umC",312,67,19781,30863,76138,47461,75845,32431,3,0,8,23,25,5,5230198630,8.5,47086.5,9.00281295817631e-06,111076.39408323,13067.8110686153
"346","S14C1_0.2umC.NS2_combined.extendedFrags.fastq.gz.sam","S14C1_02umC",950,305,52997,83775,207305,129748,207541,88319,9,3,20,51,78,27,5230198630,8.5,128280.833333333,2.45269524942179e-05,40771.4737587455,4796.64397161711
"347","S14C1_0.2umC.NS3_combined.extendedFrags.fastq.gz.sam","S14C1_02umC",654,186,45827,79227,188771,124365,194647,80813,8,0,25,54,62,31,5230198630,8.5,118941.666666667,2.27413287870994e-05,43972.8042878162,5173.27109268425
"348","S14C1_0.2umC.NS4_combined.extendedFrags.fastq.gz.sam","S14C1_02umC",641,200,44957,76213,181615,118075,185767,78379,13,6,20,65,67,23,5230198630,8.5,114167.666666667,2.1828552745934e-05,45811.5575338026,5389.59500397678
"349","S14C1_0.2umC.NS5_combined.extendedFrags.fastq.gz.sam","S14C1_02umC",804,197,52613,82639,202507,128004,203653,87287,5,2,17,54,77,34,5230198630,8.5,126117.166666667,2.41132652100952e-05,41470.94934208,4878.9352167153
"350","S14C1_0.2umC.NS6_combined.extendedFrags.fastq.gz.sam","S14C1_02umC",882,231,53690,83758,204416,129781,206482,87750,12,3,17,60,73,33,5230198630,8.5,127646.166666667,2.44056059237404e-05,40974.1926967385,4820.49325843982
"351","S14C1_0.2umC.NS7_combined.extendedFrags.fastq.gz.sam","S14C1_02umC",866,226,53648,84721,205471,131338,208164,89184,11,5,24,50,74,32,5230198630,8.5,128754.333333333,2.46174844287574e-05,40621.5347832953,4779.00409215239
"352","S14C1_0.2umC.NS8_combined.extendedFrags.fastq.gz.sam","S14C1_02umC",847,235,52271,83105,202214,127966,203007,86258,10,1,19,51,73,28,5230198630,8.5,125803.5,2.40532929817237e-05,41574.349123832,4891.09989692141
"353","S14C1_3umA.NS1_combined.extendedFrags.fastq.gz.sam","S14C1_3umA",41,16,4940,6379,16422,10162,16035,7409,0,0,8,10,41,19,5230198630,10,10224.5,1.95489707433922e-06,511535.882439239,51153.5882439239
"354","S14C1_3umA.NS2_combined.extendedFrags.fastq.gz.sam","S14C1_3umA",129,25,13909,18228,46214,29914,45933,21154,3,2,25,42,114,59,5230198630,10,29225.3333333333,5.58780562667337e-06,178961.128358958,17896.1128358958
"355","S14C1_3umA.NS3_combined.extendedFrags.fastq.gz.sam","S14C1_3umA",71,22,11527,16235,39743,27588,40745,18360,2,0,26,33,96,70,5230198630,10,25699.6666666667,4.91370758258691e-06,203512.313908092,20351.2313908092
"356","S14C1_3umA.NS4_combined.extendedFrags.fastq.gz.sam","S14C1_3umA",60,33,11604,15611,38553,26097,39310,17588,2,0,25,22,98,47,5230198630,10,24793.8333333333,4.7405146701538e-06,210947.559406573,21094.7559406573
"357","S14C1_3umA.NS5_combined.extendedFrags.fastq.gz.sam","S14C1_3umA",105,21,13547,17471,43978,28701,44148,20339,3,0,25,32,114,53,5230198630,10,28030.6666666667,5.35938855283335e-06,186588.449436332,18658.8449436332
"358","S14C1_3umA.NS6_combined.extendedFrags.fastq.gz.sam","S14C1_3umA",89,28,13588,17827,44362,29271,44779,20299,3,0,25,33,127,63,5230198630,10,28354.3333333333,5.42127275447918e-06,184458.529442884,18445.8529442884
"359","S14C1_3umA.NS7_combined.extendedFrags.fastq.gz.sam","S14C1_3umA",88,27,13516,17708,44565,29008,44446,20319,4,0,26,34,93,62,5230198630,10,28260.3333333333,5.40330020570047e-06,185072.078531747,18507.2078531747
"360","S14C1_3umA.NS8_combined.extendedFrags.fastq.gz.sam","S14C1_3umA",114,24,13251,17432,44006,28871,43848,20157,4,1,22,31,104,50,5230198630,10,27927.5,5.33966336188651e-06,187277.723748993,18727.7723748993
"361","S14C1_3umB.NS1_combined.extendedFrags.fastq.gz.sam","S14C1_3umB",53,9,5481,8083,20180,12252,19554,9198,4,0,9,11,24,15,5230198630,9,12458,2.38193630516094e-06,419826.507465083,46647.3897183425
"362","S14C1_3umB.NS2_combined.extendedFrags.fastq.gz.sam","S14C1_3umB",152,27,14906,22968,56298,34459,54231,25359,9,1,22,15,58,50,5230198630,9,34703.5,6.63521645257285e-06,150710.983906522,16745.6648785025
"363","S14C1_3umB.NS3_combined.extendedFrags.fastq.gz.sam","S14C1_3umB",78,17,11762,19701,46472,30647,45920,21109,7,0,23,16,49,27,5230198630,9,29268.5,5.59605897797423e-06,178697.187419922,19855.243046658
"364","S14C1_3umB.NS4_combined.extendedFrags.fastq.gz.sam","S14C1_3umB",95,12,11969,19216,45800,28667,44586,20972,4,3,13,14,45,42,5230198630,9,28535,5.45581573830208e-06,183290.647625723,20365.6275139692
"365","S14C1_3umB.NS5_combined.extendedFrags.fastq.gz.sam","S14C1_3umB",137,25,14403,21660,53757,33282,51916,24736,1,2,16,18,51,53,5230198630,9,33292.3333333333,6.36540515734358e-06,157099.190904813,17455.4656560903
"366","S14C1_3umB.NS6_combined.extendedFrags.fastq.gz.sam","S14C1_3umB",153,31,14320,21752,54034,33523,52428,24894,10,1,17,14,81,34,5230198630,9,33491.8333333333,6.40354902416648e-06,156163.401923852,17351.4891026502
"367","S14C1_3umB.NS7_combined.extendedFrags.fastq.gz.sam","S14C1_3umB",164,29,14287,22116,53400,33433,52285,24119,11,0,29,21,52,45,5230198630,9,33273.3333333333,6.36177240812235e-06,157188.898918052,17465.4332131169
"368","S14C1_3umB.NS8_combined.extendedFrags.fastq.gz.sam","S14C1_3umB",151,30,14442,21437,53479,32669,51586,24505,8,1,11,25,65,55,5230198630,9,33019.6666666667,6.31327201939684e-06,158396.469679686,17599.6077421873
"369","S14C1_3umC.NS1_combined.extendedFrags.fastq.gz.sam","S14C1_3umC",98,15,8381,10957,28861,18811,30485,15302,1,0,9,6,25,32,5230198630,8.5,18799.5,3.59441415707763e-06,278209.45397484,32730.52399704
"370","S14C1_3umC.NS2_combined.extendedFrags.fastq.gz.sam","S14C1_3umC",266,38,23081,29744,81318,53540,85591,42065,5,1,21,29,68,58,5230198630,8.5,52556.5,1.00486623392351e-05,99515.7331633575,11707.7333133362
"371","S14C1_3umC.NS3_combined.extendedFrags.fastq.gz.sam","S14C1_3umC",114,29,20272,28522,73799,51380,81090,38786,3,0,21,28,74,59,5230198630,8.5,48974.8333333333,9.36385724481239e-06,106793.597323796,12563.9526263289
"372","S14C1_3umC.NS4_combined.extendedFrags.fastq.gz.sam","S14C1_3umC",119,30,19807,26658,71104,48342,76459,37274,4,0,26,23,57,53,5230198630,8.5,46607.3333333333,8.91119757211464e-06,112218.36256097,13202.1603012906
"373","S14C1_3umC.NS5_combined.extendedFrags.fastq.gz.sam","S14C1_3umC",259,37,22940,29314,79248,52611,84809,41447,3,1,28,30,63,58,5230198630,8.5,51728.1666666667,9.89028721967805e-06,101109.298222438,11895.211555581
"374","S14C1_3umC.NS6_combined.extendedFrags.fastq.gz.sam","S14C1_3umC",239,45,23094,29716,79406,53061,85403,41497,7,1,25,28,68,42,5230198630,8.5,52029.5,9.94790134767788e-06,100523.715007832,11826.3194126861
"375","S14C1_3umC.NS7_combined.extendedFrags.fastq.gz.sam","S14C1_3umC",230,50,23288,29656,80384,53845,85096,41578,3,1,28,23,81,69,5230198630,8.5,52307.8333333333,1.00011179371467e-05,99988.8218781763,11763.3908091972
"376","S14C1_3umC.NS8_combined.extendedFrags.fastq.gz.sam","S14C1_3umC",205,41,22994,29296,78823,52708,83841,40926,2,0,23,26,62,65,5230198630,8.5,51431.3333333333,9.83353347965168e-06,101692.845412006,11963.8641661183
