SampleID,Alias1,BPDExtraSmall1,BPDExtraSmall2,BPDSmall1,BPDSmall2,BPDMedium1,BPDMedium2,BPDLarge1,BPDLarge2,SmallStandard1,SmallStandard2,MediumStandard1,MediumStandard2,LargeStandard1,LargeStandard2,Volume_L,added,MEAN,ratio,xFactor,NORM_FACTOR
G2.DCM.NS.S11C2.50m.0_2um.A,BD78,1890,542,28127,29132,280323,276579,350546,495468,3519,4602,76963,52781,277833,324093,10,13580968026,182917.5,1.35E-05,74246.41178,7424.641178
G2.DCM.NS.S11C2.50m.0_2um.C,BD56,1469,352,19049,22039,157172,154434,183946,251500,2320,3416,66762,41709,177969,230245,10,13580968026,129171.25,9.51E-06,105139.2475,10513.92475
G2.DCM.NS.S11C2.50m.3um.A,BD21,1130,342,14227,14711,149666,119912,170777,244883,4285,5677,70378,34576,162846,204056,10,13580968026,117964,8.69E-06,115128.0732,11512.80732
G2.DCM.NS.S11C2.50m.3um.B,BD17,821,202,13784,13220,138042,118699,161351,235208,2306,3282,64846,41684,144686,195636,10,13580968026,111713,8.23E-06,121570.1666,12157.01666
G2.DCM.NS.S15C2.56m.0_2um.A,BD60,3679,1069,50116,49770,486868,473383,612559,853393,6618,7801,126910,91862,472766,563020,6,13580968026,313639.5,2.31E-05,43301.20417,7216.867362
G2.DCM.NS.S15C2.56m.0_2um.B,BD20,1666,411,20824,23079,265654,195008,309762,438838,9203,7287,128361,44548,312772,348545,9,13580968026,208556.5,1.54E-05,65118.89117,7235.432352
G2.DCM.NS.S15C2.56m.0_2um.C,BD46,2400,577,36691,38648,357675,349095,473650,632143,3595,4552,99237,68210,378077,435030,9,13580968026,245138.5,1.81E-05,55401.20392,6155.689324
G2.DCM.NS.S15C2.56m.3um.A,BD84,1748,508,27005,27405,247459,243165,298895,418793,1752,3805,80283,57004,290124,334328,6,13580968026,190434.75,1.40E-05,71315.59774,11885.93296
G2.DCM.NS.S15C2.56m.3um.B,BD31,976,291,14100,13741,146401,123067,169326,241145,3495,5136,64818,33477,156780,197091,9,13580968026,113041.5,8.32E-06,120141.435,13349.04833
G2.DCM.NS.S15C2.56m.3um.C,BD42,1934,539,27219,27461,264595,252632,298640,428663,2706,4720,82781,56876,263839,341489,9,13580968026,186246.25,1.37E-05,72919.41731,8102.157479
G2.DCM.NS.S17C3.87m.0_2um.A,BD53,3928,1146,57881,63186,549779,503550,670892,905706,6688,9123,173692,103270,584855,675867,9.5,13580968026,384421,2.83E-05,35328.37183,3718.775982
G2.DCM.NS.S17C3.87m.0_2um.B,BD15,3221,956,41342,40122,455315,378083,553624,797665,9727,10503,182584,95037,486422,570297,9.5,13580968026,333585,2.46E-05,40712.16639,4285.491199
G2.DCM.NS.S17C3.87m.0_2um.C,BD22,2967,739,33817,41326,376078,270702,498391,738953,22971,14890,254564,70250,577855,531007,9.5,13580968026,358419,2.64E-05,37891.31722,3988.559707
G2.DCM.NS.S17C3.87m.3um.A,BD47,4284,1097,50188,50884,467305,422282,533242,732780,5351,10644,182460,111125,532737,670997,9.5,13580968026,374329.75,2.76E-05,36280.76055,3819.027426
G2.DCM.NS.S17C3.87m.3um.B,BD3,3529,1050,44569,44263,447863,372805,485934,699652,7470,11489,172236,87599,457677,613978,9.5,13580968026,332872.5,2.45E-05,40799.30912,4294.664118
G2.DCM.NS.S17C3.87m.3um.C,BD10,4404,1327,63490,67240,645391,546924,865433,1026117,19477,25162,301772,154595,858027,871064,9.5,13580968026,546364.5,4.02E-05,24856.97373,2616.523551
G2.DCM.NS.S18C2.95m.0_2um.A,BD43,4384,1218,64619,66742,670019,691582,926034,1276577,5334,8538,168222,112828,709250,747391,9,13580968026,434422.75,3.20E-05,31262.10132,3473.566813
G2.DCM.NS.S18C2.95m.0_2um.B,BD8,2742,599,38760,34122,376836,275869,492831,631876,18587,13113,207602,75796,510522,555192,9,13580968026,337278,2.48E-05,40266.3916,4474.043511
G2.DCM.NS.S18C2.95m.0_2um.C,BD83,2724,641,39529,34712,351926,330646,447955,641438,4181,7402,144472,86398,451557,517837,9,13580968026,300066,2.21E-05,45259.93623,5028.881804
G2.DCM.NS.S18C2.95m.3um.A,BD12,5581,1195,57813,62961,649904,578840,782479,1039162,8874,14349,239291,138216,635595,811155,9,13580968026,456064.25,3.36E-05,29778.62884,3308.736537
G2.DCM.NS.S18C2.95m.3um.B,BD80,5829,1232,70421,72754,599065,566572,735426,948790,11804,17221,261775,164908,702047,880976,9,13580968026,502426.5,3.70E-05,27030.75579,3003.41731
G2.DCM.NS.S18C2.95m.3um.C,BD40,5963,1292,76683,76033,661199,657020,773346,1105655,7813,13728,227019,152942,719912,958524,9,13580968026,514599.25,3.79E-05,26391.34827,2932.37203
G2.REXP1.NS.Ctrl.T0.0_2um.A,MS107,1309,286,11083,13447,96733,92764,168505,170836,4980,3976,35106,22735,56995,142150,5,13580968026,64246.5,4.73E-06,211388.4496,42277.68992
G2.REXP1.NS.Ctrl.T0.0_2um.B,MS112,1558,230,6029,5887,16816,15929,26917,25515,3572,3859,22468,14085,18079,35355,5,13580968026,22496.75,1.66E-06,603685.778,120737.1556
G2.REXP1.NS.Ctrl.T0.0_2um.C,MS110,1047,355,3552,2964,8455,8427,13879,13386,2322,2609,11514,7690,9106,20389,5,13580968026,12174.75,8.96E-07,1115502.826,223100.5651
G2.REXP1.NS.Ctrl.T0.3um.B,MS106,1123,209,4861,6118,24409,20815,34351,30703,4462,3388,23817,12432,21232,40807,5,13580968026,24572,1.81E-06,552700.9615,110540.1923
G2.REXP1.NS.Ctrl.T0.3um.C,MS50,1470,180,8059,11398,45766,41824,68526,64464,5660,4871,28330,18248,37976,87473,5,13580968026,43006.75,3.17E-06,315786.8945,63157.3789
G2.REXP1.NS.Ctrl.T96.0_2um.A,MS101,4643,400,20376,39072,152019,95720,182265,174897,31851,16137,105627,61460,82070,228201,7,13580968026,119339.5,8.79E-06,113801.1138,16257.30198
G2.REXP1.NS.Ctrl.T96.0_2um.B,MS32,1575,313,8594,11538,76419,61211,117869,110406,6474,5712,30680,21680,40680,122354,7,13580968026,53848.5,3.96E-06,252206.9886,36029.5698
G2.REXP1.NS.Ctrl.T96.0_2um.C,MS102,2491,340,15454,20174,98847,78708,143060,139106,10509,9333,56046,34882,60772,196845,8,13580968026,87136.25,6.42E-06,155858.9912,19482.37391
G2.REXP1.NS.Ctrl.T96.3um.B,MS10,518,97,1871,2873,15661,12073,18838,20640,1138,1336,5933,4501,6491,19945,7,13580968026,9217.5,6.79E-07,1473389.534,210484.2191
G2.REXP1.NS.Ctrl.T96.3um.C,MS105,927,148,2383,3541,19234,15156,23830,22138,2018,2471,10690,7943,14936,33206,8,13580968026,16693.75,1.23E-06,813536.0854,101692.0107
G2.REXP1.NS.HFe.T96.0_2um.A,MS57,1367,253,11499,13330,74368,70027,123066,123813,8407,6164,45006,29787,72266,133840,7,13580968026,70224.75,5.17E-06,193392.8996,27627.55709
G2.REXP1.NS.HFe.T96.0_2um.C,MS60,1903,336,8577,11781,71290,60263,112544,108630,8821,7658,42324,27139,52527,116532,7,13580968026,59630.5,4.39E-06,227752.0401,32536.00573
G2.REXP1.NS.HFe.T96.3um.A,MS83,1109,145,2737,3825,14335,12414,18887,19349,2491,2901,11459,8514,12626,25389,7,13580968026,14497,1.07E-06,936812.3078,133830.3297
G2.REXP1.NS.HFe.T96.3um.B,MS119,121,22,540,774,6230,5196,9379,8030,247,260,2111,1488,3122,10870,7,13580968026,4397.75,3.24E-07,3088162.816,441166.1166
G2.REXP1.NS.HFe.T96.3um.C,MS24,1174,150,3271,6176,28994,21181,32967,33693,2261,2270,12378,9848,14796,37811,7,13580968026,18708.25,1.38E-06,725934.7093,103704.9585
G2.REXP1.NS.LFe.T96.0_2um.A,MS99,1285,197,7761,9615,69268,61064,121253,115458,4232,3727,25663,18364,37523,116152,7,13580968026,49425.5,3.64E-06,274776.543,39253.79186
G2.REXP1.NS.LFe.T96.0_2um.B,MS43,1917,291,10746,14306,80899,74615,134161,131138,6226,4827,40460,24353,66603,139981,7,13580968026,67849.25,5.00E-06,200163.8637,28594.83766
G2.REXP1.NS.LFe.T96.0_2um.C,MS09,2322,388,14055,18573,92463,69787,114181,112673,15937,10965,61460,36390,53688,175058,8,13580968026,81649,6.01E-06,166333.55,20791.69375
G2.REXP1.NS.LFe.T96.3um.A,REXP1LFeA,508,131,1870,2547,16586,12871,20453,24064,1607,1496,5836,3965,6469,19188,7,13580968026,8864.5,6.53E-07,1532062.499,218866.0713
G2.REXP1.NS.LFe.T96.3um.C,MS117,699,91,1313,1689,3903,2966,4778,4602,1258,1645,6558,4830,2925,7615,8,13580968026,5482,4.04E-07,2477374.686,309671.8357
G2.REXP1.NS.NPFe.T96.0_2um.A,MS95,2844,337,14898,17981,83623,68660,123925,117714,11377,9839,59010,35169,72558,166626,7,13580968026,83340.75,6.14E-06,162957.1131,23279.58759
G2.REXP1.NS.NPFe.T96.0_2um.B,MS51,1696,243,9482,11338,62807,53580,99210,92092,7899,4622,32100,21034,45178,108761,7,13580968026,51768.25,3.81E-06,262341.6481,37477.3783
G2.REXP1.NS.NPFe.T96.0_2um.C,MS80,1601,215,7639,10199,55319,45395,74561,77856,4938,4333,26891,20160,40291,97353,7,13580968026,46173.75,3.40E-06,294127.4648,42018.20925
G2.REXP1.NS.NPFe.T96.3um.A,MS94,537,68,1803,2996,11836,9953,16688,15938,1399,1426,7655,5085,6798,21612,7,13580968026,10287.5,7.57E-07,1320142.7,188591.8143
G2.REXP1.NS.NPFe.T96.3um.B,MS85,462,61,1347,2155,11184,9204,14441,14974,985,1083,5542,4337,6980,18737,7,13580968026,8899,6.55E-07,1526122.938,218017.5626
G2.REXP1.NS.NPFe.T96.3um.C,MS36,420,55,1455,2401,10325,8530,12730,13194,1222,1475,6550,5310,5273,18696,7,13580968026,8957.25,6.60E-07,1516198.39,216599.77
G2.REXP2.NS.Ctrl.T0.0_2um.A,MS19,4919,605,31019,41635,225489,186393,340321,325073,18595,12726,100340,66955,116453,359241,7,13580968026,160747.25,1.18E-05,84486.47194,12069.49599
G2.REXP2.NS.Ctrl.T0.0_2um.B,MS01,2297,534,15241,17464,115362,114724,187931,204369,9043,7423,44809,30742,51934,169320,7,13580968026,74201.25,5.46E-06,183028.8307,26146.97582
G2.REXP2.NS.Ctrl.T0.0_2um.C,MS37,3563,523,18336,25232,141137,129753,238631,221756,13422,9691,68279,44189,111416,234096,7,13580968026,114495,8.43E-06,118616.2542,16945.17917
G2.REXP2.NS.Ctrl.T0.3um.A,MS49,2789,255,14915,23315,112191,90655,172048,155966,12172,8845,57823,36428,73740,189033,7,13580968026,89256,6.57E-06,152157.4799,21736.78284
G2.REXP2.NS.Ctrl.T0.3um.B,MS75,6198,619,22821,35046,124766,101574,173269,151883,21983,15073,100862,65881,122563,247291,7,13580968026,134149.25,9.88E-06,101237.7484,14462.53549
G2.REXP2.NS.Ctrl.T96.0_2um.A,MS31,2620,429,14764,19067,128977,115283,219057,207017,7278,6127,46802,35973,81825,196037,7.5,13580968026,90159.25,6.64E-06,150633.1078,20084.41438
G2.REXP2.NS.Ctrl.T96.0_2um.B,MS13,1243,207,8143,9619,60517,60021,103977,101620,3710,3121,25620,16975,27785,100279,8,13580968026,42664.75,3.14E-06,318318.2376,39789.7797
G2.REXP2.NS.Ctrl.T96.0_2um.C,MS20,1788,284,9945,12148,81599,76455,140078,138162,6266,4447,30803,22158,39668,126207,6.5,13580968026,54709,4.03E-06,248240.1072,38190.78573
G2.REXP2.NS.Ctrl.T96.3um.A,MS98,4477,340,15550,34594,130752,82652,174505,141956,27499,10340,93728,48680,104368,219537,7.5,13580968026,116578.25,8.58E-06,116496.5851,15532.87802
G2.REXP2.NS.Ctrl.T96.3um.B,MS84,1843,239,9427,13486,67288,61778,111821,108168,6074,4439,31671,22568,44868,117737,8,13580968026,54211,3.99E-06,250520.5221,31315.06527
G2.REXP2.NS.Ctrl.T96.3um.C,MS18,2710,299,15987,21664,101142,83339,159341,135667,9950,7595,51987,37328,56253,192528,6.5,13580968026,84524,6.22E-06,160675.8793,24719.36605
G2.REXP2.NS.Fe.T96.0_2um.A,MS25,4886,546,28670,42245,235180,197132,382420,352392,15662,11885,96935,64189,123907,364570,8,13580968026,162400.25,1.20E-05,83626.52167,10453.31521
G2.REXP2.NS.Fe.T96.0_2um.B,MS61,3009,369,23792,24739,142211,133049,238106,230129,12386,8895,75500,50922,122525,261287,7,13580968026,127558.5,9.39E-06,106468.546,15209.79229
G2.REXP2.NS.Fe.T96.0_2um.C,MS59,2820,451,20133,23836,150404,146219,260183,254871,12076,9201,76972,49717,89195,237572,6,13580968026,113364,8.35E-06,119799.6544,19966.60907
G2.REXP2.NS.Fe.T96.3um.B,MS58,5276,518,29230,38786,170204,143428,258275,240116,26845,18947,125234,81061,123249,315599,7,13580968026,161285.75,1.19E-05,84204.38896,12029.19842
G2.REXP2.NS.Fe.T96.3um.C,MS115,5645,520,10638,17050,39154,24428,46724,39082,14452,12476,57528,40328,30988,68849,6,13580968026,49423.25,3.64E-06,274789.0522,45798.17537
G2.REXP2.NS.NP.T96.0_2um.A,MS70,1503,208,9082,11586,73457,73585,127875,129278,5258,3889,28743,19788,66644,116615,8.5,13580968026,57947.5,4.27E-06,234366.7635,27572.56041
G2.REXP2.NS.NP.T96.0_2um.B,MS87,2438,248,12447,17131,86153,77731,142057,135689,8558,6141,47792,30965,78869,159038,7,13580968026,79166,5.83E-06,171550.5144,24507.21635
G2.REXP2.NS.NP.T96.0_2um.C,MS78,1443,255,8079,8958,53402,54318,87741,89481,4050,3706,24666,17175,37015,96845,6.5,13580968026,43925.25,3.23E-06,309183.625,47566.71155
G2.REXP2.NS.NP.T96.3um.A,MS65,1317,185,6219,9267,45682,42081,71277,69341,4824,3347,22698,15441,41132,78491,8.5,13580968026,39440.5,2.90E-06,344340.6657,40510.66655
G2.REXP2.NS.NP.T96.3um.B,MS118,1372,193,8242,13280,47032,37465,76250,60949,3848,3456,33771,25195,40664,93464,7,13580968026,48273.5,3.55E-06,281333.8172,40190.54532
G2.REXP2.NS.NP.T96.3um.C,MS76,2176,256,11254,14993,69899,61775,111933,104055,6856,5596,38572,27592,69366,137543,6.5,13580968026,68268.25,5.03E-06,198935.3473,30605.43805
G2.REXP2.NS.NPFe.T96.0_2um.A,MS62,1375,224,9487,12320,76718,69425,126966,120774,4585,4405,36920,24829,50288,126846,7,13580968026,59720.75,4.40E-06,227407.8612,32486.83731
G2.REXP2.NS.NPFe.T96.0_2um.B,MS02,1225,300,7161,8269,54715,50926,77625,87099,5061,4399,22253,13780,26438,82090,8,13580968026,36140.25,2.66E-06,375785.1157,46973.13946
G2.REXP2.NS.NPFe.T96.0_2um.C,MS11,1320,296,7411,8300,58851,59187,105636,109868,5477,3773,22523,15615,36949,92844,6,13580968026,41982.75,3.09E-06,323489.2432,53914.87387
G2.REXP2.NS.NPFe.T96.3um.A,MS29,871,129,4307,5836,32930,30364,53297,52521,2137,1871,13366,10576,15861,54630,7,13580968026,23608.25,1.74E-06,575263.6483,82180.52119
G2.REXP2.NS.NPFe.T96.3um.B,MS41,1049,170,5452,7460,40219,36533,66880,62724,3184,2531,16733,13084,29232,65290,8,13580968026,31084.75,2.29E-06,436901.311,54612.66387
G2.REXP2.NS.NPFe.T96.3um.C,MS108,1454,284,7164,9830,53086,48679,87237,79763,4363,3263,24000,17657,44785,94695,6,13580968026,45284.25,3.33E-06,299904.8902,49984.14837
G2.REXP3.NS.Ctrl.T96.0_2um.A,MS52,6217,822,41534,48897,304111,256905,538971,504018,30008,20872,137574,77535,182515,463955,7,13580968026,215394.75,1.59E-05,63051.52761,9007.361087
G2.REXP3.NS.Ctrl.T96.0_2um.B,MS67,7679,1019,50656,63300,322853,298210,524200,496862,35740,22481,186753,102170,249836,566553,7.5,13580968026,276328,2.03E-05,49147.99813,6553.066417
G2.REXP3.NS.Ctrl.T96.3um.B,MS103,12484,842,39539,95144,319375,188507,391831,329810,93874,31182,271720,119663,221609,413482,7.5,13580968026,256618.5,1.89E-05,52922.79405,7056.372541
G2.REXP3.NS.HiNP.T96.0_2um.A,MS42,4522,624,26004,28118,172463,147719,273247,243864,14151,13621,79445,54513,120332,311618,7,13580968026,141477,1.04E-05,95994.17592,13713.4537
G2.REXP3.NS.HiNP.T96.0_2um.B,MS14,2859,448,13503,16571,97357,95958,168970,163542,7561,6268,44047,28751,49622,163089,7,13580968026,71377.25,5.26E-06,190270.2615,27181.46594
G2.REXP3.NS.HiNP.T96.0_2um.C,MS12,1311,233,8776,10013,57206,59300,91357,101114,3671,2854,23322,16537,25454,99139,8,13580968026,41113,3.03E-06,330332.6935,41291.58668
G2.REXP3.NS.HiNP.T96.3um.A,MS97,6519,658,23717,32489,114483,95749,167273,152803,21878,15550,92540,64186,107401,218956,7,13580968026,120770.75,8.89E-06,112452.4608,16064.63725
G2.REXP3.NS.HiNP.T96.3um.B,MS47,2686,274,15394,22241,103804,89131,165757,145880,11253,7864,55530,35704,74680,171418,7,13580968026,84333,6.21E-06,161039.7831,23005.6833
G2.REXP3.NS.HiNP.T96.3um.C,MS30,2042,245,9958,13179,64286,55608,99509,95203,6130,5303,33326,22922,32985,117947,8,13580968026,51795,3.81E-06,262206.1594,32775.76992
G2.REXP3.NS.LoNP.T96.0_2um.A,MS26,3631,441,22489,33330,193262,170062,308524,301655,11648,10845,67622,44796,103033,279427,7,13580968026,123719.5,9.11E-06,109772.2511,15681.75016
G2.REXP3.NS.LoNP.T96.0_2um.C,MS69,7780,700,44373,60121,330800,299029,573176,541888,33637,22341,162987,101627,322226,567407,8,13580968026,288561.75,2.12E-05,47064.33901,5883.042376
G2.REXP3.NS.LoNP.T96.3um.A,MS17,5140,524,27758,35535,141644,120866,206656,180884,23085,15333,102079,62610,110793,270359,7,13580968026,136460.25,1.00E-05,99523.2533,14217.60761
G2.REXP3.NS.LoNP.T96.3um.B,MS68,7710,651,47782,68559,298572,263935,510560,465386,52828,31452,206578,112137,327905,521502,7,13580968026,292030.5,2.15E-05,46505.3069,6643.615271
G2.REXP3.NS.LoNP.T96.3um.C,MS66,7714,528,30521,55032,194809,151372,284054,242292,40585,23804,160495,85926,188179,335213,8,13580968026,192453.25,1.42E-05,70567.6211,8820.952638
G2.REXP3.NS.NPFe.T96.0_2um.A,MS38,3165,471,18107,23767,150163,144240,256325,233125,11626,8957,68676,41468,109261,262543,7,13580968026,120487,8.87E-06,112717.2892,16102.46989
G2.REXP3.NS.NPFe.T96.0_2um.B,MS44,3278,468,22960,29070,160883,147749,274898,259741,12328,9847,68343,44288,119485,259790,7,13580968026,122976.5,9.06E-06,110435.4737,15776.49624
G2.REXP3.NS.NPFe.T96.0_2um.C,MS104,3662,663,26733,29439,160284,153977,269710,257477,12230,10375,77020,49755,114065,307869,8,13580968026,137177.25,1.01E-05,99003.06374,12375.38297
G2.REXP3.NS.NPFe.T96.3um.A,MS35,3843,581,19278,23223,92259,83083,145720,134927,13530,11096,69487,46899,63986,189588,7,13580968026,92490,6.81E-06,146837.1502,20976.73575
G2.REXP3.NS.NPFe.T96.3um.B,MS100,6791,536,28708,41261,180615,139289,256884,225057,27405,17042,108271,75659,103439,320153,7,13580968026,151880.5,1.12E-05,89418.77348,12774.1105
G2.REXP3.NS.NPFe.T96.3um.C,MS116,2129,292,7251,9642,25181,19823,38315,30980,6208,5933,34136,22892,24640,51197,8,13580968026,33216.25,2.45E-06,408865.1797,51108.14747