sample_name,BPDExtraSmall1,BPDExtraSmall2,BPDSmall1,BPDSmall2,BPDMedium1,BPDMedium2,BPDLarge1,BPDLarge2,SmallStandard1,SmallStandard2,MediumStandard1,MediumStandard2,LargeStandard1,LargeStandard2,V_filtered_L,mean_prok,added_prok,ratio_prok,xFactor_prok,NORM_FACTOR
G2.BEXP1.NS.Ctrl.T96.0_2um.A,649,377,10694,12210,73857,66488,68534,117959,2273,3139,33998,17795,56848,70486,4,44781.75,13580968026,3.30E-06,303270.1497,75817.53742
G2.BEXP1.NS.Ctrl.T96.0_2um.B,941,428,7305,9443,97560,71441,90593,145947,2029,2716,26200,14990,77785,86433,4,51352,13580968026,3.78E-06,264468.142,66117.03549
G2.BEXP1.NS.Ctrl.T96.0_2um.C,619,374,7693,8787,61599,53655,68281,101830,2183,3290,24980,13234,63175,54967,4,39089,13580968026,2.88E-06,347437.0802,86859.27004
G2.BEXP1.NS.DHPS.T96.0_2um.A,216,124,2975,3291,26307,22487,29243,42810,694,964,10689,5134,26285,21813,4,15980.25,13580968026,1.18E-06,849859.547,212464.8868
G2.BEXP1.NS.DHPS.T96.0_2um.B,665,273,7253,8806,56821,46713,56929,94955,1630,2526,24527,11882,46516,44578,4,31875.75,13580968026,2.35E-06,426059.5602,106514.89
G2.BEXP1.NS.DHPS.T96.0_2um.C,375,169,5749,6543,41232,35688,45016,70350,1237,1607,19559,10147,35989,36641,4,25584,13580968026,1.88E-06,530838.3375,132709.5844
G2.BEXP1.NS.Ise.T96.0_2um.A,386,193,5351,7074,47937,36578,50033,73313,1516,1940,20550,10259,37028,38848,4,26671.25,13580968026,1.96E-06,509198.7824,127299.6956
G2.BEXP1.NS.Ise.T96.0_2um.B,751,346,5975,6826,54312,40034,58545,94318,1695,2129,17673,8737,35788,31312,4,23377.5,13580968026,1.72E-06,580941.8469,145235.4617
G2.BEXP1.NS.Ise.T96.0_2um.C,1013,407,11867,14933,103930,83159,106589,164796,3580,4145,38404,21431,71264,70450,4,50387.25,13580968026,3.71E-06,269531.8364,67382.95911
G2.BEXP1.NS.Tau.T96.0_2um.A,452,201,6289,7396,51626,44488,54792,84698,1025,1637,20157,11432,44416,42984,4,29747.25,13580968026,2.19E-06,456545.3286,114136.3321
G2.BEXP1.NS.Tau.T96.0_2um.B,305,203,2203,2084,20493,15772,37631,60428,452,836,6662,3503,22087,19222,4,12868.5,13580968026,9.48E-07,1055365.274,263841.3185
G2.BEXP1.NS.Tau.T96.0_2um.C,336,171,3336,3419,24146,24156,22423,38036,521,1057,9396,5174,22501,21593,4,14666,13580968026,1.08E-06,926017.1844,231504.2961
G2.BEXP2.NS.Ctrl.T96.0_2um.A,1653,881,21336,22735,162020,133622,249422,416862,5555,5655,54346,24142,122019,90309,4,72704,13580968026,5.35E-06,186798.0857,46699.52144
G2.BEXP2.NS.Ctrl.T96.0_2um.B,1469,467,16912,23510,168676,135600,191671,286496,7442,7287,67811,30515,133528,137942,4,92449,13580968026,6.81E-06,146902.2707,36725.56768
G2.BEXP2.NS.Ctrl.T96.0_2um.C,1443,552,11723,12405,86360,69781,127330,191740,2933,3861,33542,17448,64255,54772,4,42504.25,13580968026,3.13E-06,319520.2368,79880.05921
G2.BEXP2.NS.DHPS.T96.0_2um.A,1556,632,16448,19669,184125,153731,213237,311135,3627,6007,55966,24162,169347,133238,4,95678.25,13580968026,7.05E-06,141944.1516,35486.03791
G2.BEXP2.NS.DHPS.T96.0_2um.B,2457,847,24590,29975,254641,195652,318044,387038,11452,11529,97411,44992,270530,211650,4,156145.75,13580968026,1.15E-05,86976.2259,21744.05648
G2.BEXP2.NS.DHPS.T96.0_2um.C,838,266,11031,14691,100469,84807,129500,178579,4279,3969,45320,18446,85764,74831,4,56090.25,13580968026,4.13E-06,242127.0725,60531.76811
G2.BEXP2.NS.Ise.T96.0_2um.A,1200,550,17707,20942,157365,132273,174678,263897,4418,6823,67154,36028,147608,155157,4,101486.75,13580968026,7.47E-06,133820.1098,33455.02744
G2.BEXP2.NS.Ise.T96.0_2um.B,1450,549,16594,21839,157919,132923,195179,272535,6605,7403,64050,34219,146300,140833,4,96350.5,13580968026,7.09E-06,140953.7888,35238.4472
G2.BEXP2.NS.Ise.T96.0_2um.C,2476,1088,36151,45615,302894,268652,333686,502568,6060,11618,132277,68742,280337,298319,4,194918.75,13580968026,1.44E-05,69675.02114,17418.75528
G2.BEXP2.NS.Tau.T96.0_2um.A,2980,1117,26814,30705,254345,209575,323324,411796,10712,12940,105615,55975,263693,241856,4,166784.75,13580968026,1.23E-05,81428.11634,20357.02908
G2.BEXP2.NS.Tau.T96.0_2um.B,1006,545,16636,19874,138262,113581,145293,215794,3405,5520,63208,32036,134814,129882,4,89985,13580968026,6.63E-06,150924.7989,37731.19972
G2.BEXP2.NS.Tau.T96.0_2um.C,1035,401,12701,15410,141392,119979,161020,231837,3528,4148,45391,26069,129374,145554,4,86597,13580968026,6.38E-06,156829.544,39207.38601
G2.BEXP3.NS.Ctrl.T96.0_2um.A,3563,1017,19832,22591,177954,138935,333100,434778,3261,6183,56585,33926,170137,173086,4.5,108433.5,13580968026,7.98E-06,125246.9765,27832.66144
G2.BEXP3.NS.Ctrl.T96.0_2um.B,1689,729,21827,26407,200118,169557,240762,324619,5186,6175,74603,44273,196856,207117,4.5,130712.25,13580968026,9.62E-06,103899.7342,23088.82981
G2.BEXP3.NS.Ctrl.T96.0_2um.C,2255,865,22554,24250,194552,168281,261623,372468,4497,6821,62837,33182,140920,138174,4.5,93778.25,13580968026,6.91E-06,144820.0198,32182.22663
G2.BEXP3.NS.DHPS.T96.0_2um.A,1337,549,20316,23733,171443,149269,220484,302270,5485,5601,65753,40128,157438,151521,4.5,103710,13580968026,7.64E-06,130951.3839,29100.30754
G2.BEXP3.NS.DHPS.T96.0_2um.B,2437,1168,28206,32010,252692,232207,257178,380674,5875,8635,90008,42940,221712,211933,4.5,141648.25,13580968026,1.04E-05,95878.12081,21306.24907
G2.BEXP3.NS.DHPS.T96.0_2um.C,1404,500,18708,26109,170787,149578,225979,314466,5899,7198,72732,34461,140584,139124,4.5,96725.25,13580968026,7.12E-06,140407.6808,31201.70684
G2.BEXP3.NS.Ise.T96.0_2um.A,2958,1381,38960,46370,310266,277563,359948,504836,6638,14054,148456,83634,326906,338683,4.5,224419.75,13580968026,1.65E-05,60515.92173,13447.98261
G2.BEXP3.NS.Ise.T96.0_2um.B,1610,856,24371,26844,218181,187576,231023,350133,5482,10066,100071,47302,216091,225744,4.5,147302,13580968026,1.08E-05,92198.12376,20488.47195
G2.BEXP3.NS.Ise.T96.0_2um.C,3638,1313,50449,56218,406707,355693,453342,676429,9088,10645,139610,83971,315694,355005,4.5,223570,13580968026,1.65E-05,60745.93204,13499.09601
G2.BEXP3.NS.Tau.T96.0_2um.A,1265,625,13585,14565,199798,174538,249858,369577,2966,3316,33487,19509,155654,154373,4.5,90755.75,13580968026,6.68E-06,149643.0587,33254.01305
G2.BEXP3.NS.Tau.T96.0_2um.B,1340,562,8423,8741,98906,85096,214372,306873,1645,3169,25839,13482,93223,86859,4.5,54850.75,13580968026,4.04E-06,247598.5839,55021.90753
G2.BEXP3.NS.Tau.T96.0_2um.C,1452,500,16867,21801,163756,124043,220081,288008,7686,7687,70853,30194,161862,145756,4.5,102166.25,13580968026,7.52E-06,132930.0824,29540.0183