"","sample_name","BPDExtraSmall1","BPDExtraSmall2","BPDSmall1","BPDSmall2","BPDMedium1","BPDMedium2","BPDLarge1","BPDLarge2","SmallStandard1","SmallStandard2","MediumStandard1","MediumStandard2","LargeStandard1","LargeStandard2","Volume_L","MEAN","added","ratio","xFactor","NORM_FACTOR"
"1","G3.UW.NS.UW25_1.7m.0_2um.A",19657,1277,101128,126780,218596,222407,448246,336188,69547,31825,230884,364286,312513,690886,5.5,399642.25,13580968026,2.94266394880621e-05,33982.8134437738,6178.69335341341
"2","G3.UW.NS.UW25_1.7m.0_2um.B",18719,1272,102909,133596,230058,227013,437845,323746,43476,23004,209466,339025,213293,602996,6,341195,13580968026,2.51230250558577e-05,39804.1238177582,6634.02063629303
"3","G3.UW.NS.UW25_1.7m.3um.A",14602,905,65223,91497,155420,155580,303664,222879,40477,22718,188522,301921,176349,529699,5.5,299122.75,13580968026,2.20251420537436e-05,45402.6583601548,8255.02879275542
"4","G3.UW.NS.UW25_1.7m.3um.B",26399,1794,112949,135179,207051,211393,410184,296288,53509,27941,181887,327426,162977,573510,6,311450,13580968026,2.29328277191837e-05,43605.6125413389,7267.60209022315
"5","G3.UW.NS.UW29_1.7m.0_2um.B",40988,1952,197213,245578,432397,446970,898745,659108,163201,72001,510397,848497,664187,1592274,7.5,903838.75,13580968026,6.65518649531942e-05,15025.8749428479,2003.44999237972
"6","G3.UW.NS.UW29_1.7m.3um.B",35465,2278,168754,231993,406315,397128,798623,578317,91959,45534,367073,627516,347378,1155689,7.5,624414,13580968026,4.59771349733388e-05,21749.9415868318,2899.99221157758
"7","G3.UW.NS.UW31_2.7m.3um.A",23712,1305,112151,141626,265946,267632,522434,388802,57533,36085,259149,467988,257045,845859,6,457510.25,13580968026,3.36876023214341e-05,29684.5109503011,4947.41849171685
"8","G3.UW.NS.UW32_1.7m.0_2um.A",13761,642,67837,85743,155075,151285,326738,220388,43139,17750,184131,284595,142064,532304,10,285773.5,13580968026,2.10422040205752e-05,47523.5388375759,4752.35388375759
"9","G3.UW.NS.UW32_1.7m.0_2um.B",10734,555,51762,69433,131636,123072,259667,183283,32440,15382,153171,231459,148734,445368,10,244683,13580968026,1.80166096799262e-05,55504.3383725065,5550.43383725065
"10","G3.UW.NS.UW32_1.7m.0_2um.C",26582,1520,150337,195593,353487,348825,733381,536320,114588,47397,388631,669791,521180,1209406,7,697252,13580968026,5.1340375639288e-05,19477.8473579136,2782.54962255909
"11","G3.UW.NS.UW32_1.7m.3um.A",19463,1194,79394,107641,185499,183043,360838,263053,38183,21424,157468,276331,172543,516600,10,280735.5,13580968026,2.0671243718603e-05,48376.3828443499,4837.63828443499
"12","G3.UW.NS.UW32_3.7m.0_2um.A",29906,1749,168739,215897,387039,392052,862630,627946,116745,48159,389340,646836,498391,1322906,9,714368.25,13580968026,5.26006871257176e-05,19011.1584970357,2112.35094411507
"13","G3.UW.NS.UW32_3.7m.0_2um.B",15173,460,66398,87598,148056,155479,308776,236577,68053,26706,190030,310482,205883,618100,10,331123.75,13580968026,2.43814542060685e-05,41014.7808062696,4101.47808062696
"14","G3.UW.NS.UW32_3.7m.0_2um.C",16412,1028,94366,116866,214197,212410,442636,337885,44664,20639,176643,296413,192333,600643,9.75,316508,13580968026,2.33052606702308e-05,42908.76700115,4400.89917960513
"15","G3.UW.NS.UW32_3.7m.3um.A",26895,1916,120902,152248,246229,252711,506091,360561,60740,29687,202543,341955,248676,631040,9,356053.5,13580968026,2.62170928698422e-05,38143.0544173839,4238.1171574871
"16","G3.UW.NS.UW32_3.7m.3um.B",11300,646,58930,73341,137014,144476,302719,214437,41705,19550,150851,244140,225881,467051,10,271980.75,13580968026,2.00266099941704e-05,49933.5634084398,4993.35634084397
"17","G3.UW.NS.UW32_3.7m.3um.C",13152,669,62794,84458,141890,145490,302566,217812,46509,19732,131915,238873,174014,435061,9.75,244965.75,13580968026,1.80374292562229e-05,55440.2728789637,5686.18183373987
"18","G3.UW.NS.UW35_1.7m.0_2um.A",5191,316,23643,27199,47657,48796,96550,72444,8584,5429,38757,69520,52947,135271,10,74123.75,13580968026,5.45791359335316e-06,183220.196306852,18322.0196306852
"19","G3.UW.NS.UW35_1.7m.0_2um.B",6478,526,35294,33688,66140,67448,130937,97533,13727,8288,55326,97836,71190,194434,8,104696.5,13580968026,7.70906019361539e-06,129717.497967936,16214.687245992
"20","G3.UW.NS.UW35_1.7m.0_2um.C",3624,222,19887,22126,36283,40258,74020,59410,14045,6810,55240,90018,58964,162028,9.5,91562.5,13580968026,6.74197154611577e-06,148324.565471672,15613.1121549129
"21","G3.UW.NS.UW35_1.7m.3um.A",11107,599,43119,57299,99309,102352,199571,148014,32497,16693,104564,179393,127544,319556,10,182764.25,13580968026,1.34573801845427e-05,74308.6682762083,7430.86682762083
"22","G3.UW.NS.UW35_1.7m.3um.B",14379,936,61102,74322,122523,127361,234915,192086,19138,11810,76605,140355,105231,250987,8,143294.5,13580968026,1.05511256433025e-05,94776.6175673176,11847.0771959147
"23","G3.UW.NS.UW35_1.7m.3um.C",14692,994,56183,72628,114430,119549,230650,174036,27163,13092,89246,156453,140973,286709,9.5,168345.25,13580968026,1.23956738339795e-05,80673.3069451024,8491.92704685288
"24","G3.UW.NS.UW35_2.7m.0_2um.A",8140,618,45554,48982,97749,100318,202211,158806,18880,10133,72126,139352,73259,290684,10,143855.25,13580968026,1.05924150417406e-05,94407.1768392186,9440.71768392186
"25","G3.UW.NS.UW35_2.7m.0_2um.B",7982,576,43322,55883,108727,108464,232210,166966,17352,9987,89791,167830,131247,351398,7,185066.5,13580968026,1.36269005011793e-05,73384.2593121932,10483.4656160276
"26","G3.UW.NS.UW35_2.7m.0_2um.C",6569,430,36840,46440,77684,71769,140840,100550,15411,6681,67443,111130,64976,214118,9.5,114416.75,13580968026,8.4247860521397e-06,118697.376267024,12494.4606596867
"27","G3.UW.NS.UW35_2.7m.3um.A",11713,620,46331,64118,108743,114221,217858,163927,38114,19609,133287,235234,137113,394796,10,225107.5,13580968026,1.65752175816219e-05,60331.0330664238,6033.10330664238
"28","G3.UW.NS.UW35_2.7m.3um.B",8635,640,41579,49707,88458,89116,185924,143572,21712,11430,89882,156105,82680,291156,7,154955.75,13580968026,1.14097720945477e-05,87644.16955163,12520.5956502329
"29","G3.UW.NS.UW35_2.7m.3um.C",14152,947,68640,84565,139974,144080,261798,206209,36959,17654,121030,244574,178100,437504,9.5,245302,13580968026,1.8062188168795e-05,55364.277608825,5827.81869566579
"30","G3.UW.NS.UW37_1.7m.0_2um.A",4309,260,24520,29261,50733,53666,108981,81059,13939,6991,55260,95074,68158,182045,10,100134.25,13580968026,7.37313053151282e-06,135627.600206722,13562.7600206722
"31","G3.UW.NS.UW37_1.7m.0_2um.B",5197,267,22522,26915,44861,45235,83931,59298,14798,6749,50375,84605,68002,153028,10,89002.5,13580968026,6.55347246452607e-06,152590.860099435,15259.0860099435
"32","G3.UW.NS.UW37_1.7m.0_2um.C",9753,816,55114,63894,127906,129029,256353,194325,24438,12609,97911,172243,101416,348583,5.5,180038.25,13580968026,1.32566581156311e-05,75433.792685721,13715.2350337674
"33","G3.UW.NS.UW37_1.7m.3um.A",10988,849,42709,53679,86692,90263,168516,135231,13361,6759,50963,91836,75262,173412,10,97868.25,13580968026,7.20627939132444e-06,138767.864205194,13876.7864205194
"34","G3.UW.NS.UW37_1.7m.3um.B",7657,408,38840,46685,83452,88167,181193,135754,30320,12492,95905,177141,143402,329405,10,186463.25,13580968026,1.3729746630949e-05,72834.5560103667,7283.45560103667
"35","G3.UW.NS.UW37_1.7m.3um.C",15461,1032,72699,105776,182758,178796,391772,279354,43495,20374,168783,310125,245929,586401,5.5,327809.5,13580968026,2.41374178462409e-05,41429.4522458928,7532.62768107142
"36","G3.UW.NS.UW38_1.7m.0_2um.A",5546,267,24524,29077,51404,51196,101891,71622,20231,8751,73740,112851,90545,209693,10,121707.25,13580968026,8.96160345617472e-06,111587.173533212,11158.7173533212
"37","G3.UW.NS.UW38_1.7m.0_2um.B",5046,354,30152,36860,66122,67334,136099,101239,20183,9029,78653,126814,92243,226416,9.5,131031.5,13580968026,9.64817086301562e-06,103646.588995776,10910.1672627132
"38","G3.UW.NS.UW38_1.7m.0_2um.C",6560,424,30408,40686,75678,70337,150614,106901,14742,6343,60045,95980,58129,190972,8,101281.5,13580968026,7.45760536407289e-06,134091.30024733,16761.4125309163
"39","G3.UW.NS.UW38_1.7m.3um.A",3267,215,13424,18501,29314,29750,56420,41736,12470,5900,42155,72117,48525,121062,10,70964.75,13580968026,5.22530867196963e-06,191376.254069802,19137.6254069802
"40","G3.UW.NS.UW38_1.7m.3um.B",3005,178,12424,16077,27909,28587,60108,43215,11819,5319,41309,68958,47646,124296,9.5,70552.25,13580968026,5.19493528479941e-06,192495.179473369,20262.650470881
"41","G3.UW.NS.UW38_1.7m.3um.C",6035,422,22491,31771,51527,52068,102848,75303,12097,6752,47886,79583,46908,145070,8,79861.75,13580968026,5.88041661294756e-06,170055.978312521,21256.9972890652
"42","G3.UW.NS.UW40_1.7m.0_2um.A",5849,375,27981,31313,58506,62482,120377,93768,14983,9315,70708,112482,57885,210090,10,112791.25,13580968026,8.30509649857562e-06,120407.992871787,12040.7992871787
"43","G3.UW.NS.UW40_1.7m.0_2um.B",4443,254,21898,23049,41355,44050,81159,64659,16314,7796,50154,92623,62463,164641,10.25,92470.25,13580968026,6.80881140600367e-06,146868.512045766,14328.6353215382
"44","G3.UW.NS.UW40_1.7m.0_2um.C",3471,204,21711,23123,45963,48168,97848,73714,8703,5993,43243,76763,52912,160031,10,83237.25,13580968026,6.12896296056709e-06,163159.739491634,16315.9739491634
"45","G3.UW.NS.UW40_1.7m.3um.A",2929,264,13413,17539,26464,27570,51120,41285,7528,4357,30758,53557,38264,98191,10,55192.5,13580968026,4.06395920337468e-06,246065.462263895,24606.5462263895
"46","G3.UW.NS.UW40_1.7m.3um.B",4736,309,18994,24689,37138,39612,72541,56363,9202,5531,36197,62738,30458,109829,10.25,59805.5,13580968026,4.40362571250486e-06,227085.602929496,22154.6929687314
"47","G3.UW.NS.UW40_1.7m.3um.C",3947,258,21371,25378,45363,48366,97582,73250,8496,4894,38765,56697,48978,115152,10,64898,13580968026,4.77859898320624e-06,209266.356836882,20926.6356836882
"48","G3.UW.NS.UW40_2.7m.0_2um.A",9063,507,49069,53946,100518,110166,220040,161030,30295,15274,125395,189128,179205,367931,9.5,215414.75,13580968026,1.58615166155756e-05,63045.6736411968,6636.38669907335
"49","G3.UW.NS.UW40_2.7m.0_2um.B",9766,761,48648,58537,97647,103577,195424,151314,23464,11551,92785,144164,97715,270464,8.5,151282,13580968026,1.11392648675985e-05,89772.5309422139,10561.4742284958
"50","G3.UW.NS.UW40_2.7m.0_2um.C",12034,956,83467,100664,195409,199156,416141,311034,38228,20322,168873,305620,251013,633092,8.5,339649.5,13580968026,2.50092260985933e-05,39985.2436879783,4704.14631623275
"51","G3.UW.NS.UW40_2.7m.3um.A",3034,148,15582,17916,32476,34748,72580,53940,7749,4157,30563,58669,36372,112796,9.5,59600,13580968026,4.38849424326006e-06,227868.591040268,23986.167477923
"52","G3.UW.NS.UW40_2.7m.3um.B",4101,240,19403,22826,38182,42261,82176,60232,15370,7248,55670,94994,85182,172359,8.5,102051.25,13580968026,7.51428394534385e-06,133079.879237148,15656.4563808409
"53","G3.UW.NS.UW40_2.7m.3um.C",5931,380,34814,34559,64299,70298,148899,110236,18691,8692,62393,112319,97441,220830,8.5,123245.75,13580968026,9.0748869862629e-06,110194.209747598,12964.024676188
