sample_name,BPDExtraSmall1,BPDExtraSmall2,BPDSmall1,BPDSmall2,BPDMedium1,BPDMedium2,BPDLarge1,BPDLarge2,SmallStandard1,SmallStandard2,MediumStandard1,MediumStandard2,LargeStandard1,LargeStandard2,added,Volume_L,MEAN,ratio,xFactor,NORM_FACTOR,SAMPLE_ID,FILTER_ID
G3PA.UW36.flash,108580,23942,381797,524887,1069493,1062647,1666481,932536,50,41,258,357,747,822,5230198630,5.5,939640.1667,0.000179657,5566.171834,1012.031243,G3PA.UW36,UW25_0_2umA
G3PA.UW59.flash,36063,6523,135327,202215,384026,374075,571219,315520,201,145,978,1235,2640,2617,5230198630,5.5,330397,6.3171E-05,15830.04274,2878.189588,G3PA.UW59,UW25_3umA
G3PA.UW51.flash,218233,47701,780960,1151306,2090599,2065381,3118651,1775404,374,289,2233,2962,6087,6526,5230198630,6,1830383.5,0.000349964,2857.433226,476.2388711,G3PA.UW51,UW25_0_2umB
G3PA.UW37.flash,72739,15874,307382,363722,619117,624836,927866,527763,174,51,340,492,1108,922,5230198630,6,561781,0.000107411,9310.031187,1551.671864,G3PA.UW37,UW25_3umB
G3PA.UW27.flash,155953,29959,725191,908425,1898949,2009762,3025025,1756767,173,115,535,994,1890,2083,5230198630,6,1720686.5,0.000328991,3039.599968,506.5999946,G3PA.UW27,UW25_0_2umC
G3PA.UW57.flash,84588,14097,234374,353760,605183,593428,883672,476165,481,429,2748,3462,7837,7485,5230198630,6,524430.3333,0.00010027,9973.104715,1662.184119,G3PA.UW57,UW25_3umC
G3PA.UW44.flash,192548,40883,795636,1066312,2173424,2169036,3374453,1927328,201,171,919,1286,2535,2676,5230198630,7.5,1917698.167,0.000366659,2727.331507,363.6442009,G3PA.UW44,UW29_0_2umB
G3PA.UW67.flash,110763,22704,346405,513195,924150,888833,1357731,749727,306,164,709,1013,2760,2394,5230198630,7.5,796673.5,0.000152322,6565.046572,875.3395429,G3PA.UW67,UW29_3umB
G3PA.UW21.flash,349970,72832,1282622,1576996,2962473,3097732,4449944,2634616,434,232,1136,1621,3147,2998,5230198630,7,2667397.167,0.000509999,1960.787353,280.112479,G3PA.UW21,UW29_0_2umC
G3PA.UW29.flash,134786,29497,469308,719222,1194394,1158318,1679141,960831,382,296,1777,2160,4537,4344,5230198630,7,1030202.333,0.000196972,5076.865447,725.2664925,G3PA.UW29,UW29_3umC
G3PA.UW4.flash,288840,58729,1231060,1575621,3280864,3320290,5180957,3077469,105,95,282,518,1027,892,5230198630,6,2944376.833,0.000562957,1776.334663,296.0557772,G3PA.UW4,UW31_0_2umA
G3PA.UW64.flash,92889,18417,367591,521207,987623,983401,1451171,784435,269,115,617,797,1900,1672,5230198630,6,849238,0.000162372,6158.695949,1026.449325,G3PA.UW64,UW31_3umA
G3PA.UW31.flash,312662,69269,962320,1455124,2515821,2496578,3799636,2200645,166,100,773,856,1533,1658,5230198630,9.25,2238354,0.000427967,2336.627106,252.6083358,G3PA.UW31,UW31_0_2umB
G3PA.UW20.flash,105346,22471,274294,392327,684324,684008,993369,543273,232,259,1142,1460,2911,2926,5230198630,9.25,595265.8333,0.000113813,8786.324256,949.8728925,G3PA.UW20,UW31_3umB
G3PA.UW2.flash,75428,16554,307397,398859,852986,857574,1314722,763654,38,29,92,111,274,259,5230198630,8.5,749198.6667,0.000143245,6981.057045,821.3008288,G3PA.UW2,UW31_0_2umC
G3PA.UW1.flash,66156,13451,263304,341962,658893,667976,961286,549377,155,75,463,586,1094,1029,5230198630,8.5,573799.6667,0.000109709,9115.025564,1072.355949,G3PA.UW1,UW31_3umC
G3PA.UW8.flash,78191,17221,335514,426554,778337,764279,1161540,640222,101,38,160,273,598,525,5230198630,9,684407.6667,0.000130857,7641.934602,849.1038447,G3PA.UW8,UW32_3umA
G3PA.UW26.flash,153118,31174,781488,963251,2017436,2074059,3149470,1888575,116,53,298,361,890,862,5230198630,10,1812379.833,0.000346522,2885.818157,288.5818157,G3PA.UW26,UW32_0_2umB
G3PA.UW9.flash,40022,7874,187986,247952,517654,526327,822222,467924,95,25,118,172,527,447,5230198630,10,461677.5,8.82715E-05,11328.68427,1132.868427,G3PA.UW9,UW32_3umB
G3PA.UW56.flash,232496,50228,858359,1254838,2350925,2335304,3666918,2025455,231,210,882,1432,2760,2420,5230198630,9.75,2081966.5,0.000398066,2512.14351,257.6557446,G3PA.UW56,UW32_0_2umC
G3PA.UW35.flash,48106,9946,202030,283302,541850,553056,848202,480078,132,78,418,564,1348,1384,5230198630,9.75,484753,9.26835E-05,10789.40951,1106.606104,G3PA.UW35,UW32_3umC
G3PA.UW13.flash,152512,28212,521859,682187,1451880,1413203,2229812,1283408,120,64,262,388,782,781,5230198630,10,1263724.833,0.000241621,4138.71635,413.871635,G3PA.UW13,UW32_0_2umA
G3PA.UW66.flash,74501,15246,285542,422895,712561,692120,1013702,572795,185,83,433,584,1177,998,5230198630,10,616602.5,0.000117893,8482.2858,848.22858,G3PA.UW66,UW32_3umA
G3PA.UW58.flash,139132,27864,559843,858399,1676426,1555112,2467741,1395552,179,180,1410,1772,3615,3923,5230198630,10,1418845.5,0.000271279,3686.235485,368.6235485,G3PA.UW58,UW32_0_2umB
G3PA.UW7.flash,86261,19261,284272,443175,764368,699645,988165,535321,137,57,334,384,908,919,5230198630,10,619157.6667,0.000118381,8447.280736,844.7280736,G3PA.UW7,UW32_3umB
G3PA.UW19.flash,190778,41456,738234,998922,1997050,1943841,2980383,1737150,82,112,252,384,806,766,5230198630,7,1732596.667,0.000331268,3018.705236,431.2436052,G3PA.UW19,UW32_0_2umC
G3PA.UW10.flash,63945,12853,284812,373720,764211,722118,1109962,616051,87,39,128,241,494,503,5230198630,7,645145.6667,0.00012335,8107.004201,1158.143457,G3PA.UW10,UW32_3umC
G3PA.UW55.flash,37436,8168,173891,236335,462609,469266,719617,419421,31,23,128,160,341,343,5230198630,10,413523.1667,7.90645E-05,12647.89751,1264.789751,G3PA.UW55,UW35_0_2umA
G3PA.UW41.flash,46556,8910,149722,214082,390765,401953,608898,349813,305,221,1202,1685,3644,3407,5230198630,10,352538.8333,6.74045E-05,14835.80853,1483.580853,G3PA.UW41,UW35_3umA
G3PA.UW46.flash,39244,7866,148113,212678,429314,425140,678089,388598,178,160,573,982,1892,1887,5230198630,7,380322,7.27165E-05,13752.02757,1964.575367,G3PA.UW46,UW35_0_2umB
G3PA.UW60.flash,22660,4609,94346,135965,268592,274968,419099,232316,59,23,153,146,350,386,5230198630,7,237547.6667,4.54185E-05,22017.47002,3145.352861,G3PA.UW60,UW35_3umB
G3PA.UW52.flash,37518,8803,143217,209091,387112,368762,494701,294179,76,28,347,487,1043,1095,5230198630,9.5,316177,6.04522E-05,16541.99588,1741.262724,G3PA.UW52,UW35_0_2umC
G3PA.UW33.flash,30925,6739,126687,177219,326297,337791,498229,288572,124,71,360,549,1243,1349,5230198630,9.5,292465.8333,5.59187E-05,17883.10987,1882.432618,G3PA.UW33,UW35_3umC
G3PA.UW6.flash,38679,9165,136818,196339,365907,376489,588119,347233,10,20,33,40,146,86,5230198630,10,335150.8333,6.40799E-05,15605.50686,1560.550686,G3PA.UW6,UW35_0_2umA
G3PA.UW43.flash,31599,6142,117164,161531,316374,322183,508281,293373,73,28,149,219,460,458,5230198630,10,286484.3333,5.4775E-05,18256.49092,1825.649092,G3PA.UW43,UW35_3umA
G3PA.UW53.flash,37740,8630,228318,270418,521759,521837,787599,469570,34,24,73,112,235,220,5230198630,8,466583.5,8.92095E-05,11209.5662,1401.195775,G3PA.UW53,UW35_0_2umB
G3PA.UW30.flash,47615,10907,176983,264481,477841,488543,745369,432885,50,16,95,107,324,244,5230198630,8,431017,8.24093E-05,12134.553,1516.819125,G3PA.UW30,UW35_3umB
G3PA.UW24.flash,19796,4090,88767,111102,225021,239272,374783,225426,38,4,18,52,146,110,5230198630,9.5,210728.5,4.02907E-05,24819.60736,2612.590249,G3PA.UW24,UW35_0_2umC
G3PA.UW5.flash,50122,10958,216265,314037,582571,582559,887366,497866,216,96,472,644,1372,1261,5230198630,9.5,513444,9.81691E-05,10186.50258,1072.263429,G3PA.UW5,UW35_3umC
G3PA.UW17.flash,39268,8169,133700,180881,354016,366806,576595,344428,25,5,28,81,109,79,5230198630,10,326071,6.23439E-05,16040.06069,1604.006069,G3PA.UW17,UW37_0_2umA
G3PA.UW32.flash,35892,8034,113162,168135,300673,305754,467593,267778,81,44,239,237,629,598,5230198630,10,270515.8333,5.17219E-05,19334.16823,1933.416823,G3PA.UW32,UW37_3umA
G3PA.UW34.flash,51343,10186,164951,231318,425518,447350,667372,392331,7,9,34,118,241,116,5230198630,10,388140,7.42113E-05,13475.03125,1347.503125,G3PA.UW34,UW37_0_2umB
G3PA.UW25.flash,19055,3600,82645,109504,233234,240782,382329,224649,49,18,81,113,237,291,5230198630,10,212190.5,4.05703E-05,24648.5994,2464.85994,G3PA.UW25,UW37_3umB
G3PA.UW54.flash,91481,20316,399389,578939,1158152,1147480,1772688,1015319,82,43,226,376,756,788,5230198630,5.5,1011994.5,0.000193491,5168.208553,939.6742823,G3PA.UW54,UW37_0_2umC
G3PA.UW47.flash,77534,16962,234579,368814,657955,650569,999736,561119,473,247,1176,1788,3233,3630,5230198630,5.5,578795.3333,0.000110664,9036.352453,1642.973173,G3PA.UW47,UW37_3umC
G3PA.UW11.flash,62088,14191,238599,308395,625661,609072,916622,545674,32,22,47,66,240,213,5230198630,10,540670.5,0.000103375,9673.541704,967.3541704,G3PA.UW11,UW38_0_2umA
G3PA.UW42.flash,23988,5028,81151,122847,214038,205742,313672,184615,24,7,74,72,121,164,5230198630,10,187010.8333,3.5756E-05,27967.35642,2796.735642,G3PA.UW42,UW38_3umA
G3PA.UW18.flash,33892,7404,156148,211733,420809,408702,645076,382668,3,2,37,67,136,126,5230198630,9.5,370856,7.09067E-05,14103.04439,1484.530988,G3PA.UW18,UW38_0_2umB
G3PA.UW23.flash,20391,3939,65121,91873,171709,173339,269216,153819,9,4,30,33,45,78,5230198630,9.5,154179.5,2.94787E-05,33922.78889,3570.819883,G3PA.UW23,UW38_3umB
G3PA.UW50.flash,55201,12056,229617,359869,672136,617742,955275,565309,62,16,167,163,359,472,5230198630,8,566658,0.000108343,9229.903451,1153.737931,G3PA.UW50,UW38_0_2umC
G3PA.UW39.flash,27740,6340,84053,124720,213641,209976,321061,184178,15,2,54,49,106,103,5230198630,8,189604.8333,3.62519E-05,27584.73261,3448.091577,G3PA.UW39,UW38_3umC
G3PA.UW12.flash,46377,9248,268908,321225,658557,700899,1059316,644453,48,12,44,104,270,171,5230198630,9.5,608893,0.000116419,8589.68428,904.1772926,G3PA.UW12,UW40_0_2umA
G3PA.UW62.flash,18222,3858,76128,106896,211640,216288,335285,188650,26,5,27,32,133,117,5230198630,9.5,189147.8333,3.61646E-05,27651.38008,2910.671587,G3PA.UW62,UW40_3umA
G3PA.UW40.flash,91535,20775,324010,450262,814359,832399,1261131,747965,90,41,161,295,560,573,5230198630,8.5,738354.3333,0.000141171,7083.588995,833.3634112,G3PA.UW40,UW40_0_2umB
G3PA.UW22.flash,12975,2271,63131,78194,160733,170492,264100,154501,46,10,39,49,140,84,5230198630,8.5,148525.1667,2.83976E-05,35214.22495,4142.849994,G3PA.UW22,UW40_3umB
G3PA.UW48.flash,65812,14944,247778,332866,628134,633469,972328,563844,155,108,469,604,1115,1124,5230198630,8.5,563069.8333,0.000107657,9288.721079,1092.790715,G3PA.UW48,UW40_0_2umC
G3PA.UW16.flash,22807,4733,113376,128461,267739,276209,429586,244564,51,12,51,85,189,176,5230198630,8.5,243322.5,4.65226E-05,21494.92394,2528.814581,G3PA.UW16,UW40_3umC
G3PA.UW14.flash,39176,7889,138120,175848,360573,380915,589237,349061,21,9,16,31,67,56,5230198630,10,332292.3333,6.35334E-05,15739.75113,1573.975113,G3PA.UW14,UW40_0_2umA
G3PA.UW45.flash,27811,6545,91228,134884,226065,236615,339817,205447,37,30,193,241,441,441,5230198630,10,205676,3.93247E-05,25429.30935,2542.930935,G3PA.UW45,UW40_3umA
G3PA.UW28.flash,28275,6027,130849,155597,340125,354578,542837,321503,11,38,24,49,188,130,5230198630,10.25,307581.5,5.88088E-05,17004.26921,1658.953094,G3PA.UW28,UW40_0_2umB
G3PA.UW38.flash,22278,5869,96768,130764,226171,235780,347496,209255,6,1,15,44,62,83,5230198630,10.25,207705.6667,3.97128E-05,25180.81819,2456.66519,G3PA.UW38,UW40_3umB
G3PA.UW63.flash,46667,10538,172158,218718,445123,450545,698790,405797,44,17,58,97,171,165,5230198630,10,398521.8333,7.61963E-05,13123.99521,1312.399521,G3PA.UW63,UW40_0_2umC
G3PA.UW49.flash,29083,6909,109423,146570,267090,270670,429439,246785,23,15,15,25,57,46,5230198630,10,244996.1667,4.68426E-05,21348.08353,2134.808353,G3PA.UW49,UW40_3umC