sample_name,BPDExtraSmall1,BPDExtraSmall2,BPDSmall1,BPDSmall2,BPDMedium1,BPDMedium2,BPDLarge1,BPDLarge2,SmallStandard1,SmallStandard2,MediumStandard1,MediumStandard2,LargeStandard1,LargeStandard2,MEAN,added,ratio,xFactor,volume,NORM_FACTOR
G3PA.diel.S4C11.A.flash,40669,10410,158999,208379,389231,361720,559045,270598,32,10,19,50,126,108,324662,5230198630,6.21E-05,16109.67292,8.5,1895.255638
G3PA.diel.S4C11.B.flash,48914,12675,166856,195621,367322,323338,534617,212193,25,28,31,100,211,170,299991.1667,5230198630,5.74E-05,17434.50878,10,1743.450878
G3PA.diel.S4C11.C.flash,61637,15648,170021,184361,341454,327165,470209,219092,39,25,3,107,99,74,285383.6667,5230198630,5.46E-05,18326.90249,10,1832.690249
G3PA.diel.S4C13.A.flash,68150,17111,150964,160640,330530,298700,465327,190490,87,14,40,98,113,149,266108.5,5230198630,5.09E-05,19654.38394,9.5,2068.882521
G3PA.diel.S4C13.B.flash,74750,20323,209555,222424,447406,418777,598655,271609,34,8,45,117,182,153,361404.3333,5230198630,6.91E-05,14471.87581,9.5,1523.355349
G3PA.diel.S4C13.C.flash,71494,19963,223749,273920,479616,446666,645876,314649,31,39,41,42,129,123,397412.6667,5230198630,7.60E-05,13160.62388,9.5,1385.328829
G3PA.diel.S4C15.A.flash,43888,9614,227497,259168,510586,438637,802885,330004,56,23,73,99,194,184,428129.5,5230198630,8.19E-05,12216.39394,7,1745.199135
G3PA.diel.S4C15.B.flash,108168,28659,354789,411906,768675,652830,1044583,434879,61,29,108,239,367,402,611277,5230198630,0.000116875,8556.184234,6.5,1316.336036
G3PA.diel.S4C15.C.flash,73238,19270,287405,349149,606314,547691,876121,379730,57,33,52,125,210,162,507735,5230198630,9.71E-05,10301.04017,8,1287.630021
G3PA.diel.S4C16.B.flash,59766,19074,169857,178055,394403,363919,543330,237070,63,17,47,91,184,177,314439,5230198630,6.01E-05,16633.42852,8,2079.178565
G3PA.diel.S4C16.C.flash,66961,17134,197347,196983,403102,352197,556703,226078,23,7,61,80,126,115,322068.3333,5230198630,6.16E-05,16239.40664,10,1623.940664
G3PA.diel.S4C18.A.flash,204995,22075,138214,368664,387968,352968,442411,233575,83,0,50,149,211,382,320633.3333,5230198630,6.13E-05,16312.08638,10,1631.208638
G3PA.diel.S4C18.B.flash,87376,22325,248068,281803,538146,484854,724192,309064,73,48,89,117,171,213,431021.1667,5230198630,8.24E-05,12134.43569,10,1213.443569
G3PA.diel.S4C18.C.flash,58530,14259,215928,253803,481625,438318,674385,295423,29,33,56,70,185,246,393247,5230198630,7.52E-05,13300.03441,9.75,1364.106093
G3PA.diel.S4C19.A.flash,80657,21657,243411,267482,519696,455017,704419,302384,3,24,27,36,64,78,415401.5,5230198630,7.94E-05,12590.70714,9.25,1361.157528
G3PA.diel.S4C19.B.flash,120395,33565,311126,331124,647974,547798,860256,352282,90,18,44,68,155,121,508426.6667,5230198630,9.72E-05,10287.02657,10,1028.702657
G3PA.diel.S4C19.C.flash,87101,23806,297579,349920,625863,523246,879874,367919,33,38,47,102,143,320,507400.1667,5230198630,9.70E-05,10307.83782,10,1030.783782
G3PA.diel.S4C21.A.flash,73948,17966,233910,241947,494657,447046,703935,294035,1653,1305,2326,4332,5220,6683,402588.3333,5230198630,7.70E-05,12991.43119,9.25,1404.479047
G3PA.diel.S4C21.B.flash,90758,26219,353908,384727,671920,631040,870380,448470,69,42,33,72,147,200,560074.1667,5230198630,0.000107085,9338.403628,9.75,957.7849875
G3PA.diel.S4C21.C.flash,92259,25227,256577,276349,629222,537214,840894,351532,54,44,85,109,133,111,481964.6667,5230198630,9.22E-05,10851.83,10,1085.183
G3PA.diel.S4C23.A.flash,126608,36010,513527,526778,862798,767313,1213042,491704,87,45,95,134,284,288,729193.6667,5230198630,0.00013942,7172.578245,9.5,755.0082363
G3PA.diel.S4C23.C.flash,78706,20274,406996,494556,858419,746330,1218123,525282,60,35,80,127,339,334,708284.3333,5230198630,0.000135422,7384.320652,8.5,868.7436061
G3PA.diel.S4C25.A.flash,78977,19248,303190,311891,580505,510501,846354,338465,31,17,22,89,198,194,481817.6667,5230198630,9.21E-05,10855.14084,8.5,1277.075393
G3PA.diel.S4C25.B.flash,89447,24592,281038,286030,504530,429976,722019,263770,41,25,45,117,173,177,414560.5,5230198630,7.93E-05,12616.24933,9,1401.805481
G3PA.diel.S4C28.A.flash,60541,14758,239616,279304,520045,503793,731584,376064,54,19,25,62,83,147,441734.3333,5230198630,8.45E-05,11840.14516,9.75,1214.373863
G3PA.diel.S4C28.B.flash,108377,27862,281763,320572,691631,549338,929984,334399,36,56,59,91,214,227,517947.8333,5230198630,9.90E-05,10097.92549,10,1009.792549
G3PA.diel.S4C28.C.flash,99799,27599,304608,371083,685182,635378,927244,439492,50,48,46,103,153,160,560497.8333,5230198630,0.000107166,9331.344956,9.75,957.0610211
G3PA.diel.S4C3.A.flash,119919,30356,442691,458644,855727,791272,1216635,527179,70,61,123,203,312,351,715358,5230198630,0.000136775,7311.302355,6,1218.550392
G3PA.diel.S4C3.B.flash,88961,29885,296630,289591,596994,523789,810701,335837,37,46,110,90,199,243,475590.3333,5230198630,9.09E-05,10997.27699,7,1571.03957
G3PA.diel.S4C3.C.flash,49089,11982,243743,299362,546849,528377,794181,420055,67,15,67,107,236,168,472094.5,5230198630,9.03E-05,11078.71121,7,1582.67303
G3PA.diel.S4C30.A.flash,103464,29837,303754,344473,648324,593388,869467,404263,67,12,43,107,228,112,527278.1667,5230198630,0.000100814,9919.239902,9.5,1044.130516
G3PA.diel.S4C30.B.flash,79597,18548,379387,430985,806536,677611,1235129,482048,86,52,150,256,479,602,668616,5230198630,0.000127838,7822.425174,6,1303.737529
G3PA.diel.S4C30.C.flash,122279,32702,461302,593012,1057759,925478,1535875,658784,64,20,57,170,304,271,872035,5230198630,0.000166731,5997.693476,9.5,631.3361553
G3PA.diel.S4C31.A.flash,78183,28211,260097,304022,655352,598386,839795,423090,9,35,0,51,94,129,513457,5230198630,9.82E-05,10186.24467,8.5,1198.381726
G3PA.diel.S4C31.B.flash,78731,18502,381788,393403,746747,612702,1141387,385539,52,24,48,133,284,343,610261,5230198630,0.00011668,8570.429095,9,952.2698995
G3PA.diel.S4C31.C.flash,110735,29939,246638,280694,556088,526465,756243,345391,133,78,54,234,345,296,451919.8333,5230198630,8.64E-05,11573.28854,10,1157.328854
G3PA.diel.S4C4.A.flash,110870,29540,461763,543334,1003929,838376,1522130,583879,98,25,86,144,371,415,825568.5,5230198630,0.000157846,6335.269127,6,1055.878188
G3PA.diel.S4C4.B.flash,105126,27648,413298,506408,887458,800881,1277478,538152,84,16,144,257,503,492,737279.1667,5230198630,0.000140966,7093.91892,8.5,834.5786965
G3PA.diel.S4C4.C.flash,38094,9234,204163,226065,428068,380352,665096,278499,313,282,3592,4231,8831,17401,363707.1667,5230198630,6.95E-05,14380.24628,8.5,1691.79368
G3PA.diel.S4C7.B.flash,79550,20022,260948,313230,561498,540900,776545,368776,46,25,62,78,144,60,470316.1667,5230198630,8.99E-05,11120.60142,10,1112.060142
G3PA.diel.S4C7.C.flash,104934,30118,331469,359580,785408,628291,1007163,386231,73,55,92,186,300,394,583023.6667,5230198630,0.000111473,8970.817017,10,897.0817017
G3PA.diel.S4C8.A.flash,64800,15721,276115,301263,553045,479766,845105,323264,68,31,67,126,294,231,463093,5230198630,8.85E-05,11294.05677,9,1254.895196
G3PA.diel.S4C8.B.flash,176256,33429,421501,569717,842560,712050,1180636,473058,159,111,308,412,791,869,699920.3333,5230198630,0.000133823,7472.562777,8.5,879.1250326
G3PA.diel.S4C8.C.flash,56511,14586,250678,291921,517336,477337,697254,323895,42,19,69,58,155,186,426403.5,5230198630,8.15E-05,12265.84357,10,1226.584357